timestamp,users,changesets,map_changes,editors,tags_create,tags_modify,nodes.create,nodes.modify,nodes.delete,ways.create,ways.modify,ways.delete,relations.create,relations.modify,relations.delete,poi.create,poi.modify,building.create,building.modify,highway.create,highway.modify,waterway.create,waterway.modify,amenity.create,amenity.modify
2023-09-17,17,49,2025,"{""josm"": 1493, ""id"": 285, ""streetcomplete"": 160, ""vespucci"": 71, ""every door android"": 16}","{""building"": 219, ""highway"": 19, ""name"": 15, ""surface"": 8, ""tourism"": 6, ""landuse"": 6, ""check_date"": 5, ""natural"": 4, ""leisure"": 4, ""sport"": 4, ""height"": 3, ""denotation"": 2, ""barrier"": 2, ""access"": 2, ""amenity"": 2, ""fee"": 2, ""handrail"": 2, ""ramp"": 2, ""tactile_paving"": 2, ""crop"": 2, ""leaf_cycle"": 1, ""leaf_type"": 1, ""fitness_station"": 1, ""fence_type"": 1, ""hazard"": 1, ""service"": 1, ""incline"": 1, ""name:en"": 1, ""name:np"": 1, ""step_count"": 1, ""drinking_water"": 1, ""bicycle"": 1, ""horse"": 1}","{""highway"": 166, ""surface"": 154, ""name"": 142, ""width"": 109, ""oneway"": 99, ""ref"": 78, ""name:ne"": 73, ""name:en"": 69, ""lanes"": 68, ""ref:old"": 68, ""sidewalk"": 49, ""int_ref"": 38, ""maxspeed"": 37, ""source"": 29, ""foot"": 27, ""bicycle"": 25, ""lit"": 18, ""cycleway"": 18, ""designation"": 17, ""horse"": 17, ""alt_name"": 16, ""lane_markings"": 12, ""bridge"": 12, ""layer"": 12, ""building"": 9, ""tourism"": 8, ""phone"": 7, ""shop"": 7, ""check_date"": 6, ""website"": 5, ""smoothness"": 5, ""type"": 5, ""incline"": 5, ""email"": 4, ""amenity"": 4, ""access"": 4, ""sac_scale"": 4, ""building:levels"": 4, ""addr:street"": 3, ""opening_hours"": 3, ""natural"": 3, ""int_name"": 3, ""watch:80n"": 3, ""boundary"": 3, ""operator"": 2, ""internet_access"": 2, ""ele"": 2, ""name:signed"": 2, ""addr:city"": 2, ""motor_vehicle"": 2, ""handrail"": 2, ""ramp"": 2, ""tactile_paving"": 2, ""landuse"": 2, ""junction"": 1, ""bench"": 1, ""bin"": 1, ""shelter"": 1, ""mountain_pass"": 1, ""male"": 1, ""addr:suburb"": 1, ""contact:facebook"": 1, ""payment:american_express"": 1, ""payment:jcb"": 1, ""payment:maestro"": 1, ""payment:mastercard"": 1, ""payment:unionpay"": 1, ""payment:visa"": 1, ""government"": 1, ""office"": 1, ""wheelchair"": 1, ""historic"": 1, ""memorial"": 1, ""bridge:name"": 1, ""sidewalk:both"": 1, ""galli"": 1, ""route"": 1, ""shoulder"": 1, ""FIXME"": 1, ""motorcar"": 1, ""motorcycle"": 1, ""sidewalk:left"": 1, ""sidewalk:right"": 1, ""alt"": 1, ""noname"": 1, ""covered"": 1, ""name:np"": 1, ""source:geometry"": 1, ""addr:housenumber"": 1, ""area"": 1, ""area:highway"": 1, ""facebook"": 1, ""leisure"": 1, ""internet_access:fee"": 1, ""name:de"": 1, ""name:fr"": 1, ""name:ur"": 1, ""boat"": 1, ""waterway"": 1, ""note"": 1, ""admin_level"": 1}",1412,175,0,250,183,1,0,4,0,16,21,219,9,19,166,0,1,2,4
2023-09-18,21,77,8984,"{""josm"": 7280, ""id"": 1677, ""streetcomplete"": 18, ""vespucci"": 4, ""every door android"": 2, ""maps"": 2, ""organic maps android"": 1}","{""building"": 379, ""natural"": 49, ""waterway"": 38, ""intermittent"": 28, ""landuse"": 23, ""highway"": 22, ""layer"": 5, ""tunnel"": 4, ""name:en"": 3, ""surface"": 3, ""amenity"": 2, ""ford"": 2, ""name"": 2, ""addr:street"": 1, ""email"": 1, ""internet_access"": 1, ""opening_hours"": 1, ""phone"": 1, ""website"": 1, ""bridge"": 1, ""bridge:name"": 1, ""handrail"": 1, ""incline"": 1, ""name:np"": 1, ""ramp"": 1, ""tactile_paving"": 1, ""source:geometry"": 1, ""source"": 1, ""tracktype"": 1, ""addr:place"": 1, ""leisure"": 1, ""restriction"": 1, ""type"": 1}","{""highway"": 39, ""building"": 28, ""name"": 16, ""surface"": 16, ""natural"": 12, ""source"": 10, ""waterway"": 10, ""name:en"": 7, ""handrail"": 5, ""incline"": 5, ""ramp"": 5, ""landuse"": 5, ""name:ne"": 4, ""ref"": 4, ""intermittent"": 4, ""boundary"": 4, ""step_count"": 3, ""tactile_paving"": 3, ""source:geometry"": 3, ""type"": 3, ""amenity"": 2, ""check_date"": 2, ""internet_access"": 2, ""addr:street"": 2, ""building:levels"": 2, ""admin_level"": 2, ""name:de"": 2, ""name:fr"": 2, ""name:ur"": 2, ""cash_in"": 1, ""operator"": 1, ""wheelchair"": 1, ""payment:cash"": 1, ""shop"": 1, ""email"": 1, ""office"": 1, ""opening_hours"": 1, ""phone"": 1, ""website"": 1, ""addr:housenumber"": 1, ""building:adjacency"": 1, ""building:gable_wall"": 1, ""building:overhang"": 1, ""building:soft_storey"": 1, ""building:structure"": 1, ""building:use"": 1, ""floor:material:type"": 1, ""roof:material:type"": 1, ""shape:elevation"": 1, ""shape:plan"": 1, ""ref:old"": 1, ""sidewalk"": 1, ""surface:note"": 1, ""height"": 1, ""noname"": 1, ""fixme"": 1, ""name:np"": 1, ""ISO3166-1"": 1, ""ISO3166-1:alpha2"": 1, ""ISO3166-1:alpha3"": 1, ""ISO3166-1:numeric"": 1, ""alt_name"": 1, ""alt_name:eo"": 1, ""alt_name:ks"": 1, ""alt_name:ur"": 1, ""alt_name:vi"": 1, ""border_type"": 1, ""driving_side"": 1, ""flag"": 1, ""name:am"": 1, ""name:ar"": 1, ""name:arc"": 1, ""name:az"": 1, ""name:az-Arab"": 1, ""name:azb"": 1, ""name:ba"": 1, ""name:bar"": 1, ""name:bat-smg"": 1, ""name:bcl"": 1, ""name:be"": 1, ""name:be-tarask"": 1, ""name:bg"": 1, ""name:bh"": 1, ""name:bi"": 1, ""name:bjn"": 1, ""name:bn"": 1, ""name:bo"": 1, ""name:bpy"": 1, ""name:br"": 1, ""name:bs"": 1, ""name:bug"": 1, ""name:bxr"": 1, ""name:ca"": 1, ""name:cbk-zam"": 1, ""name:cdo"": 1, ""name:ce"": 1, ""name:ceb"": 1, ""name:chr"": 1, ""name:ckb"": 1, ""name:co"": 1, ""name:crh"": 1, ""name:cs"": 1, ""name:csb"": 1, ""name:cv"": 1, ""name:cy"": 1, ""name:da"": 1, ""name:din"": 1, ""name:diq"": 1, ""name:dsb"": 1, ""name:dv"": 1, ""name:dz"": 1, ""name:ee"": 1, ""name:el"": 1, ""name:eo"": 1, ""name:es"": 1, ""name:et"": 1, ""name:eu"": 1, ""name:ext"": 1, ""name:fa"": 1, ""name:fi"": 1, ""name:fo"": 1, ""name:frp"": 1, ""name:frr"": 1, ""name:fur"": 1, ""name:fy"": 1, ""name:ga"": 1, ""name:gag"": 1, ""name:gan"": 1, ""name:gd"": 1, ""name:glk"": 1, ""name:gn"": 1, ""name:gr"": 1, ""name:grc"": 1, ""name:gu"": 1, ""name:gv"": 1, ""name:ha"": 1, ""name:hak"": 1, ""name:haw"": 1, ""name:he"": 1, ""name:hi"": 1, ""name:hif"": 1, ""name:hr"": 1, ""name:hsb"": 1, ""name:ht"": 1, ""name:hu"": 1, ""name:hy"": 1, ""name:ia"": 1, ""name:id"": 1, ""name:ie"": 1, ""name:ig"": 1, ""name:ilo"": 1, ""name:io"": 1, ""name:is"": 1, ""name:it"": 1, ""name:iu"": 1, ""name:ja"": 1, ""name:jbo"": 1, ""name:jv"": 1, ""name:ka"": 1, ""name:kab-Arab"": 1, ""name:kbd"": 1, ""name:kg"": 1, ""name:kk"": 1, ""name:kl"": 1, ""name:km"": 1, ""name:kmr"": 1, ""name:kn"": 1, ""name:ko"": 1, ""name:krc"": 1, ""name:ks"": 1, ""name:ku"": 1, ""name:ku-Arab"": 1, ""name:kv"": 1, ""name:kw"": 1, ""name:ky"": 1, ""name:la"": 1, ""name:lb"": 1, ""name:lbe"": 1, ""name:lez"": 1, ""name:li"": 1, ""name:lij"": 1, ""name:lmo"": 1, ""name:ln"": 1, ""name:lrc"": 1, ""name:lt"": 1, ""name:ltg"": 1, ""name:lv"": 1, ""name:lzh"": 1, ""name:map-bms"": 1, ""name:mdf"": 1, ""name:mg"": 1, ""name:mi"": 1, ""name:mk"": 1, ""name:ml"": 1, ""name:mn"": 1, ""name:mo"": 1, ""name:mr"": 1, ""name:ms"": 1, ""name:mt"": 1, ""name:mwl"": 1, ""name:my"": 1, ""name:mzn"": 1, ""name:na"": 1, ""name:nah"": 1, ""name:nan"": 1, ""name:nap"": 1, ""name:nds"": 1, ""name:nds-nl"": 1, ""name:new"": 1, ""name:nl"": 1, ""name:nn"": 1, ""name:no"": 1, ""name:nov"": 1, ""name:nrm"": 1, ""name:nv"": 1, ""name:oc"": 1, ""name:or"": 1, ""name:os"": 1, ""name:pa"": 1, ""name:pam"": 1, ""name:pap"": 1, ""name:pcd"": 1, ""name:pi"": 1, ""name:pih"": 1, ""name:pl"": 1, ""name:pms"": 1, ""name:pnb"": 1, ""name:ps"": 1, ""name:pt"": 1, ""name:qu"": 1, ""name:rm"": 1, ""name:rmy"": 1, ""name:rn"": 1, ""name:ro"": 1, ""name:roa-rup"": 1, ""name:roa-tara"": 1, ""name:ru"": 1, ""name:rue"": 1, ""name:rw"": 1, ""name:sa"": 1, ""name:sah"": 1, ""name:sat"": 1, ""name:sc"": 1, ""name:scn"": 1, ""name:sco"": 1, ""name:sd"": 1, ""name:se"": 1, ""name:sh"": 1, ""name:si"": 1, ""name:sk"": 1, ""name:sl"": 1, ""name:sm"": 1, ""name:smn"": 1, ""name:sms"": 1, ""name:so"": 1, ""name:sq"": 1, ""name:sr"": 1, ""name:srn"": 1, ""name:ss"": 1, ""name:stq"": 1, ""name:su"": 1, ""name:sv"": 1, ""name:sw"": 1, ""name:syc"": 1, ""name:szl"": 1, ""name:ta"": 1, ""name:te"": 1, ""name:tet"": 1, ""name:tg"": 1, ""name:th"": 1, ""name:tk"": 1, ""name:tl"": 1, ""name:to"": 1, ""name:tpi"": 1, ""name:tr"": 1, ""name:ts"": 1, ""name:tt"": 1, ""name:ty"": 1, ""name:udm"": 1, ""name:ug"": 1, ""name:uk"": 1, ""name:uz"": 1, ""name:vec"": 1, ""name:vi"": 1, ""name:vo"": 1, ""name:vro"": 1, ""name:wa"": 1, ""name:war"": 1, ""name:wo"": 1, ""name:wuu"": 1, ""name:xal"": 1, ""name:xmf"": 1, ""name:yi"": 1, ""name:yo"": 1, ""name:yue"": 1, ""name:za"": 1, ""name:zea"": 1, ""name:zh"": 1, ""name:zh-Hans"": 1, ""name:zh-Hant"": 1, ""name:zu"": 1, ""official_name:ar"": 1, ""official_name:az-Arab"": 1, ""official_name:azb"": 1, ""official_name:cs"": 1, ""official_name:de"": 1, ""official_name:en"": 1, ""official_name:eo"": 1, ""official_name:es"": 1, ""official_name:fa"": 1, ""official_name:fr"": 1, ""official_name:ks"": 1, ""official_name:pa"": 1, ""official_name:pl"": 1, ""official_name:pnb"": 1, ""official_name:ps"": 1, ""official_name:ru"": 1, ""official_name:ur"": 1, ""official_name:vi"": 1, ""population"": 1, ""population:date"": 1, ""source:population"": 1, ""timezone"": 1, ""wikidata"": 1, ""wikipedia"": 1, ""wikipedia:ks"": 1, ""wikipedia:pa"": 1, ""wikipedia:ur"": 1}",7452,915,0,517,96,0,1,3,0,4,4,379,28,22,39,38,10,2,2
2023-09-19,13,71,10049,"{""josm"": 7988, ""id"": 1909, ""streetcomplete"": 110, ""vespucci"": 27, ""every door android"": 10, ""maps"": 3, ""organic maps android"": 2}","{""building"": 1551, ""waterway"": 91, ""intermittent"": 90, ""highway"": 6, ""tourism"": 5, ""name:en"": 4, ""amenity"": 4, ""name"": 3, ""information"": 3, ""addr:street"": 2, ""map_size"": 2, ""map_type"": 2, ""shop"": 2, ""check_date"": 2, ""surface"": 2, ""description"": 2, ""fixme"": 2, ""addr:postcode"": 1, ""internet_access"": 1, ""name:fr"": 1, ""website"": 1, ""historic"": 1, ""memorial"": 1, ""name:ne"": 1, ""backrest"": 1, ""material"": 1, ""board_type"": 1, ""covered"": 1, ""phone"": 1, ""healthcare"": 1, ""layer"": 1, ""foot"": 1, ""leisure"": 1, ""sport"": 1, ""natural"": 1, ""water"": 1}","{""highway"": 105, ""surface"": 95, ""width"": 78, ""name"": 77, ""oneway"": 69, ""sidewalk"": 68, ""ref"": 57, ""int_ref"": 53, ""ref:old"": 53, ""lanes"": 51, ""maxspeed"": 41, ""waterway"": 29, ""intermittent"": 28, ""foot"": 27, ""source"": 25, ""bicycle"": 24, ""cycleway"": 21, ""horse"": 21, ""building"": 20, ""designation"": 19, ""lane_markings"": 15, ""name:en"": 9, ""name:ne"": 7, ""natural"": 6, ""shop"": 5, ""sidewalk:left"": 5, ""sidewalk:right"": 5, ""check_date"": 4, ""lit"": 4, ""access"": 4, ""building:levels"": 4, ""ford"": 3, ""bridge"": 3, ""layer"": 3, ""tracktype"": 3, ""type"": 3, ""ele"": 2, ""tourism"": 2, ""phone"": 2, ""crossing"": 2, ""junction"": 2, ""website"": 2, ""Barrier:obstacle_type"": 2, ""source:geometry"": 2, ""description"": 2, ""fixme"": 2, ""network"": 2, ""route"": 2, ""contact:phone"": 1, ""bin"": 1, ""shelter"": 1, ""internet_access"": 1, ""place"": 1, ""ward"": 1, ""opening_hours"": 1, ""crossing:island"": 1, ""maxweight:signed"": 1, ""motor_vehicle"": 1, ""amenity"": 1, ""building_count"": 1, ""email"": 1, ""isced:level"": 1, ""operator:type"": 1, ""personnel:count"": 1, ""student:count"": 1, ""FIXME"": 1, ""landuse"": 1, ""surface:note"": 1, ""covered"": 1, ""alt_name"": 1, ""wikidata"": 1, ""boundary"": 1}",7924,309,0,1653,160,0,0,3,0,12,15,1551,20,6,105,91,29,4,1
2023-09-20,27,97,9615,"{""josm"": 6883, ""id"": 2686, ""osmapi"": 17, ""vespucci"": 14, ""every door android"": 10, ""maps"": 3, ""organic maps android"": 2}","{""building"": 473, ""highway"": 78, ""waterway"": 77, ""intermittent"": 76, ""natural"": 23, ""landuse"": 8, ""name"": 7, ""surface"": 6, ""tourism"": 5, ""check_date"": 5, ""amenity"": 3, ""ford"": 3, ""name:en"": 2, ""phone"": 2, ""source"": 2, ""sidewalk"": 2, ""addr:city"": 2, ""building:levels"": 2, ""height"": 2, ""shop"": 1, ""access"": 1, ""addr:street"": 1, ""opening_hours"": 1, ""website"": 1, ""fixme"": 1, ""bridge"": 1, ""layer"": 1, ""water"": 1, ""house"": 1}","{""highway"": 80, ""name"": 49, ""waterway"": 48, ""intermittent"": 41, ""opening_hours"": 20, ""phone"": 15, ""source"": 15, ""addr:street"": 14, ""addr:city"": 13, ""addr:housenumber"": 12, ""office"": 11, ""landuse"": 11, ""surface"": 10, ""natural"": 9, ""name:en"": 8, ""amenity"": 8, ""website"": 8, ""building"": 8, ""wikidata"": 6, ""wikipedia"": 6, ""addr:postcode"": 6, ""ref"": 6, ""boundary"": 6, ""type"": 6, ""population"": 5, ""population:date"": 5, ""source:population"": 5, ""check_date"": 5, ""email"": 5, ""name:zh"": 5, ""admin_level"": 5, ""name:ne"": 4, ""ford"": 4, ""government"": 4, ""shop"": 4, ""note"": 4, ""alt_name"": 4, ""division_code"": 4, ""name:bo"": 4, ""name:zh-Hant"": 4, ""name:zh-Latn-pinyin"": 4, ""description"": 3, ""operator"": 3, ""name:zh-Hans"": 3, ""postal_code"": 3, ""place"": 2, ""tourism"": 2, ""leisure"": 2, ""resort"": 2, ""oneway"": 2, ""sidewalk"": 2, ""lanes"": 2, ""name:uk"": 2, ""int_name"": 1, ""is_in"": 1, ""name:ar"": 1, ""name:bn"": 1, ""name:fa"": 1, ""name:ja"": 1, ""name:ur"": 1, ""junction"": 1, ""capacity:rooms:covid19"": 1, ""consulting"": 1, ""image"": 1, ""internet_access"": 1, ""internet_access:fee"": 1, ""internet_access:ssid"": 1, ""ref:old"": 1, ""alt_name:zh"": 1, ""boat"": 1, ""name:tibt"": 1, ""name:zh_pinyin"": 1, ""building:adjacency"": 1, ""building:bay:x"": 1, ""building:bay:y"": 1, ""building:levels"": 1, ""building:overhang"": 1, ""building:ownership"": 1, ""building:soft_storey"": 1, ""building:structure"": 1, ""building_count"": 1, ""floor:material"": 1, ""isced:level"": 1, ""occupant:day"": 1, ""occupant:evening"": 1, ""occupant:morning"": 1, ""occupant:night"": 1, ""oid"": 1, ""operator:type"": 1, ""personnel:count"": 1, ""physical_condition"": 1, ""retrofit"": 1, ""roof:material"": 1, ""roof:shape"": 1, ""seismic_resistance"": 1, ""shape:elevation"": 1, ""shape:plan"": 1, ""start_date"": 1, ""student:count"": 1, ""tracktype"": 1, ""access_status"": 1, ""condition"": 1, ""maxspeed"": 1, ""project:url"": 1, ""resurfaced:date"": 1, ""start_chainage"": 1, ""survey:date"": 1, ""survey:year"": 1, ""surveyor:name"": 1, ""width"": 1, ""width:ROW"": 1, ""width:carriage"": 1, ""width:shoulder"": 1, ""healthcare"": 1, ""healthcare:speciality"": 1, ""addr:housename"": 1, ""addr:place"": 1, ""fixme"": 1, ""old_division_code"": 1, ""alt_name:en"": 1}",5164,3619,0,662,162,2,0,6,0,12,27,473,8,78,80,77,48,3,8
2023-09-21,22,104,12669,"{""josm"": 9948, ""id"": 2590, ""streetcomplete"": 127, ""maps"": 4}","{""building"": 168, ""natural"": 94, ""waterway"": 83, ""intermittent"": 70, ""landuse"": 45, ""highway"": 31, ""name"": 6, ""tourism"": 5, ""surface"": 4, ""place"": 3, ""email"": 3, ""internet_access"": 3, ""phone"": 3, ""opening_hours"": 3, ""water"": 3, ""ford"": 2, ""name:en"": 2, ""addr:city"": 1, ""contact:facebook"": 1, ""guest_house"": 1, ""image"": 1, ""internet_access:fee"": 1, ""operator"": 1, ""rooms"": 1, ""website"": 1, ""amenity"": 1, ""religion"": 1, ""ref"": 1, ""plant:method"": 1, ""plant:output:electricity"": 1, ""plant:source"": 1, ""power"": 1, ""layer"": 1, ""sac_scale"": 1}","{""highway"": 180, ""surface"": 111, ""name"": 88, ""width"": 67, ""oneway"": 56, ""name:en"": 49, ""name:ne"": 45, ""lanes"": 39, ""waterway"": 38, ""sidewalk"": 28, ""intermittent"": 28, ""lit"": 23, ""foot"": 23, ""natural"": 23, ""bicycle"": 21, ""sidewalk:left"": 18, ""sidewalk:right"": 18, ""maxspeed"": 18, ""source"": 17, ""ref"": 15, ""layer"": 13, ""type"": 11, ""landuse"": 11, ""route"": 10, ""crossing"": 9, ""building"": 9, ""ford"": 8, ""lane_markings"": 7, ""motor_vehicle"": 6, ""bridge"": 6, ""network"": 6, ""operator"": 4, ""button_operated"": 4, ""traffic_signals:sound"": 4, ""traffic_signals:vibration"": 4, ""name:de"": 4, ""wikidata"": 4, ""wikipedia"": 4, ""shop"": 3, ""amenity"": 3, ""alt_name"": 3, ""name:pl"": 3, ""ref:old"": 3, ""cycleway"": 3, ""tracktype"": 3, ""distance"": 3, ""check_date"": 2, ""bin"": 2, ""shelter"": 2, ""opening_hours"": 2, ""kerb"": 2, ""smoothness"": 2, ""int_ref"": 2, ""area"": 2, ""admin_level"": 2, ""boundary"": 2, ""fee"": 1, ""tourism"": 1, ""office"": 1, ""local_ref"": 1, ""contact:phone"": 1, ""addr:street"": 1, ""internet_access"": 1, ""phone"": 1, ""bench"": 1, ""bus"": 1, ""public_transport"": 1, ""cash_in"": 1, ""sac_scale"": 1, ""service"": 1, ""name:es"": 1, ""name:fa"": 1, ""name:ks"": 1, ""name:ur"": 1, ""roof:colour"": 1, ""tunnel"": 1, ""building:levels"": 1, ""access_status"": 1, ""condition"": 1, ""project:url"": 1, ""resurfaced:date"": 1, ""start_chainage"": 1, ""survey:date"": 1, ""survey:year"": 1, ""surveyor:name"": 1, ""width:ROW"": 1, ""width:carriage"": 1, ""width:shoulder"": 1, ""shoulder"": 1, ""name:ms"": 1, ""name:ru"": 1, ""name:th"": 1, ""name:zh"": 1, ""url"": 1, ""symbol"": 1, ""height"": 1, ""toilets:wheelchair"": 1, ""wheelchair"": 1, ""description"": 1, ""note"": 1}",11381,579,8,435,252,6,0,8,0,10,28,168,9,31,180,83,38,1,3
2023-09-22,17,55,6204,"{""josm"": 3790, ""id"": 2191, ""rapid"": 209, ""osmapi"": 7, ""osmlocalizer"": 5, ""organic maps android"": 1, ""maps"": 1}","{""building"": 348, ""waterway"": 92, ""intermittent"": 88, ""highway"": 79, ""source"": 36, ""layer"": 11, ""landuse"": 5, ""bridge"": 2, ""name:en"": 1, ""tourism"": 1, ""ford"": 1}","{""highway"": 84, ""name"": 32, ""building"": 32, ""waterway"": 31, ""intermittent"": 27, ""source"": 13, ""ref"": 12, ""layer"": 11, ""landuse"": 9, ""amenity"": 8, ""name:en"": 8, ""addr:street"": 7, ""name:ne"": 7, ""addr:city"": 6, ""ford"": 5, ""phone"": 5, ""opening_hours"": 5, ""addr:housenumber"": 5, ""oneway"": 5, ""type"": 4, ""office"": 3, ""website"": 3, ""surface"": 3, ""ref:old"": 3, ""natural"": 3, ""route"": 3, ""alt_name"": 2, ""place"": 2, ""wikidata"": 2, ""operator"": 2, ""payment:cash"": 2, ""shop"": 2, ""government"": 2, ""noname"": 2, ""bridge"": 2, ""boundary"": 2, ""network"": 2, ""gns:ufi"": 1, ""wikipedia"": 1, ""name:zh"": 1, ""tourism"": 1, ""check_date"": 1, ""addr:postcode"": 1, ""clothes"": 1, ""cuisine"": 1, ""diet:non-vegetarian"": 1, ""diet:vegetarian"": 1, ""wheelchair"": 1, ""contact:phone"": 1, ""mobile"": 1, ""admin_level"": 1, ""addr:housename"": 1, ""addr:place"": 1}",3071,2441,2,524,162,0,0,4,0,2,21,348,32,79,84,92,31,0,8
2023-09-23,14,42,6531,"{""josm"": 5730, ""id"": 783, ""osmapi"": 13, ""osmlocalizer"": 3, ""rapid"": 2}","{""building"": 196, ""natural"": 12, ""highway"": 11, ""landuse"": 11, ""intermittent"": 1, ""water"": 1, ""amenity"": 1, ""layer"": 1, ""name"": 1}","{""name"": 19, ""highway"": 18, ""building"": 12, ""opening_hours"": 11, ""addr:city"": 11, ""amenity"": 10, ""phone"": 8, ""natural"": 8, ""addr:street"": 7, ""name:en"": 5, ""name:ne"": 5, ""addr:place"": 4, ""operator"": 4, ""source"": 4, ""government"": 3, ""office"": 3, ""landuse"": 3, ""type"": 3, ""website"": 2, ""leisure"": 2, ""payment:cash"": 2, ""shop"": 2, ""addr:postcode"": 2, ""addr:housenumber"": 2, ""ref"": 2, ""operator:type"": 2, ""tracktype"": 2, ""water"": 2, ""ref:old"": 2, ""layer"": 2, ""route"": 2, ""email"": 1, ""description"": 1, ""operator2"": 1, ""operator:en"": 1, ""operator:ne"": 1, ""operator:wikidata"": 1, ""operator:wikipedia"": 1, ""cuisine"": 1, ""delivery"": 1, ""diet:meat"": 1, ""diet:non-vegetarian"": 1, ""diet:vegetarian"": 1, ""payment:online_payment"": 1, ""note"": 1, ""nrb_class"": 1, ""another_name"": 1, ""building_count"": 1, ""isced:level"": 1, ""personnel:count"": 1, ""student:count"": 1, ""basin"": 1, ""cables"": 1, ""power"": 1, ""voltage"": 1, ""wires"": 1, ""waterway"": 1, ""network"": 1, ""int_ref"": 1, ""section"": 1, ""wikidata"": 1, ""wikipedia"": 1, ""surface"": 1}",2674,3469,106,232,47,0,0,3,0,0,12,196,12,11,18,0,1,1,10
2023-09-24,13,20,720,"{""josm"": 678, ""rapid"": 26, ""id"": 8, ""osmapi"": 7, ""maps"": 1}","{""building"": 63, ""highway"": 7, ""source"": 6, ""natural"": 3, ""layer"": 2, ""amenity"": 1, ""name"": 1, ""water"": 1, ""bicycle"": 1, ""horse"": 1, ""incline"": 1, ""width"": 1}","{""name"": 14, ""opening_hours"": 7, ""addr:city"": 6, ""amenity"": 5, ""highway"": 5, ""building"": 5, ""addr:street"": 4, ""name:en"": 3, ""name:ne"": 3, ""operator"": 3, ""name:ru"": 2, ""wikidata"": 2, ""wikipedia"": 2, ""surface"": 2, ""ref"": 2, ""cuisine"": 2, ""smoking"": 2, ""landuse"": 2, ""office"": 2, ""internet_access"": 2, ""phone"": 2, ""type"": 2, ""alt_name:cs"": 1, ""ele"": 1, ""int_name"": 1, ""name:cs"": 1, ""name:it"": 1, ""name:ja"": 1, ""natural"": 1, ""prominence"": 1, ""source:prominence"": 1, ""tourism"": 1, ""westra_ref"": 1, ""wikimedia_commons"": 1, ""mobile"": 1, ""oneway"": 1, ""capacity"": 1, ""dispensing"": 1, ""drive_through"": 1, ""healthcare"": 1, ""leisure"": 1, ""payment:cash"": 1, ""service:vehicle:car_repair"": 1, ""shop"": 1, ""waterway"": 1, ""addr:postcode"": 1, ""email"": 1, ""government"": 1, ""image"": 1, ""website"": 1, ""internet_access:fee"": 1, ""bicycle"": 1, ""horse"": 1, ""from"": 1, ""int_ref"": 1, ""name:de"": 1, ""name:zh"": 1, ""name:zh-Hant"": 1, ""network"": 1, ""official_name"": 1, ""route"": 1, ""short_name"": 1, ""short_name:zh-Hant"": 1, ""to"": 1, ""alt_name:en"": 1, ""note"": 1}",519,109,0,73,17,0,0,2,0,1,2,63,5,7,5,0,1,1,5
2023-09-25,15,65,7109,"{""josm"": 4552, ""id"": 2391, ""rapid"": 163, ""maps"": 3}","{""building"": 484, ""intermittent"": 87, ""waterway"": 87, ""highway"": 46, ""natural"": 24, ""source"": 11, ""landuse"": 7, ""ford"": 3, ""name"": 3, ""amenity"": 2, ""tourism"": 2, ""name:en"": 1, ""addr:city"": 1, ""addr:housenumber"": 1, ""addr:postcode"": 1, ""addr:street"": 1, ""healthcare"": 1, ""operator"": 1, ""operator:type"": 1}","{""highway"": 69, ""building"": 45, ""waterway"": 22, ""source"": 17, ""intermittent"": 17, ""ford"": 15, ""name"": 9, ""ref"": 5, ""landuse"": 5, ""natural"": 5, ""name:en"": 4, ""boundary"": 4, ""surface"": 3, ""type"": 3, ""name:ne"": 2, ""name:zh"": 2, ""wikidata"": 2, ""wikipedia"": 2, ""ref:old"": 2, ""bridge"": 2, ""layer"": 2, ""admin_level"": 2, ""name:de"": 2, ""name:fr"": 2, ""name:ur"": 2, ""junction"": 1, ""alt_name:zh"": 1, ""boat"": 1, ""name:tibt"": 1, ""name:zh_pinyin"": 1, ""access"": 1, ""bicycle"": 1, ""cycleway"": 1, ""foot"": 1, ""horse"": 1, ""int_ref"": 1, ""lanes"": 1, ""maxspeed"": 1, ""oneway"": 1, ""bridge:structure"": 1, ""seasonal"": 1, ""ISO3166-1"": 1, ""ISO3166-1:alpha2"": 1, ""ISO3166-1:alpha3"": 1, ""ISO3166-1:numeric"": 1, ""alt_name"": 1, ""alt_name:eo"": 1, ""alt_name:ks"": 1, ""alt_name:ur"": 1, ""alt_name:vi"": 1, ""border_type"": 1, ""driving_side"": 1, ""flag"": 1, ""name:am"": 1, ""name:ar"": 1, ""name:arc"": 1, ""name:az"": 1, ""name:az-Arab"": 1, ""name:azb"": 1, ""name:ba"": 1, ""name:bar"": 1, ""name:bat-smg"": 1, ""name:bcl"": 1, ""name:be"": 1, ""name:be-tarask"": 1, ""name:bg"": 1, ""name:bh"": 1, ""name:bi"": 1, ""name:bjn"": 1, ""name:bn"": 1, ""name:bo"": 1, ""name:bpy"": 1, ""name:br"": 1, ""name:bs"": 1, ""name:bug"": 1, ""name:bxr"": 1, ""name:ca"": 1, ""name:cbk-zam"": 1, ""name:cdo"": 1, ""name:ce"": 1, ""name:ceb"": 1, ""name:chr"": 1, ""name:ckb"": 1, ""name:co"": 1, ""name:crh"": 1, ""name:cs"": 1, ""name:csb"": 1, ""name:cv"": 1, ""name:cy"": 1, ""name:da"": 1, ""name:din"": 1, ""name:diq"": 1, ""name:dsb"": 1, ""name:dv"": 1, ""name:dz"": 1, ""name:ee"": 1, ""name:el"": 1, ""name:eo"": 1, ""name:es"": 1, ""name:et"": 1, ""name:eu"": 1, ""name:ext"": 1, ""name:fa"": 1, ""name:fi"": 1, ""name:fo"": 1, ""name:frp"": 1, ""name:frr"": 1, ""name:fur"": 1, ""name:fy"": 1, ""name:ga"": 1, ""name:gag"": 1, ""name:gan"": 1, ""name:gd"": 1, ""name:glk"": 1, ""name:gn"": 1, ""name:gr"": 1, ""name:grc"": 1, ""name:gu"": 1, ""name:gv"": 1, ""name:ha"": 1, ""name:hak"": 1, ""name:haw"": 1, ""name:he"": 1, ""name:hi"": 1, ""name:hif"": 1, ""name:hr"": 1, ""name:hsb"": 1, ""name:ht"": 1, ""name:hu"": 1, ""name:hy"": 1, ""name:ia"": 1, ""name:id"": 1, ""name:ie"": 1, ""name:ig"": 1, ""name:ilo"": 1, ""name:io"": 1, ""name:is"": 1, ""name:it"": 1, ""name:iu"": 1, ""name:ja"": 1, ""name:jbo"": 1, ""name:jv"": 1, ""name:ka"": 1, ""name:kab-Arab"": 1, ""name:kbd"": 1, ""name:kg"": 1, ""name:kk"": 1, ""name:kl"": 1, ""name:km"": 1, ""name:kmr"": 1, ""name:kn"": 1, ""name:ko"": 1, ""name:krc"": 1, ""name:ks"": 1, ""name:ku"": 1, ""name:ku-Arab"": 1, ""name:kv"": 1, ""name:kw"": 1, ""name:ky"": 1, ""name:la"": 1, ""name:lb"": 1, ""name:lbe"": 1, ""name:lez"": 1, ""name:li"": 1, ""name:lij"": 1, ""name:lmo"": 1, ""name:ln"": 1, ""name:lrc"": 1, ""name:lt"": 1, ""name:ltg"": 1, ""name:lv"": 1, ""name:lzh"": 1, ""name:map-bms"": 1, ""name:mdf"": 1, ""name:mg"": 1, ""name:mi"": 1, ""name:mk"": 1, ""name:ml"": 1, ""name:mn"": 1, ""name:mo"": 1, ""name:mr"": 1, ""name:ms"": 1, ""name:mt"": 1, ""name:mwl"": 1, ""name:my"": 1, ""name:mzn"": 1, ""name:na"": 1, ""name:nah"": 1, ""name:nan"": 1, ""name:nap"": 1, ""name:nds"": 1, ""name:nds-nl"": 1, ""name:new"": 1, ""name:nl"": 1, ""name:nn"": 1, ""name:no"": 1, ""name:nov"": 1, ""name:nrm"": 1, ""name:nv"": 1, ""name:oc"": 1, ""name:or"": 1, ""name:os"": 1, ""name:pa"": 1, ""name:pam"": 1, ""name:pap"": 1, ""name:pcd"": 1, ""name:pi"": 1, ""name:pih"": 1, ""name:pl"": 1, ""name:pms"": 1, ""name:pnb"": 1, ""name:ps"": 1, ""name:pt"": 1, ""name:qu"": 1, ""name:rm"": 1, ""name:rmy"": 1, ""name:rn"": 1, ""name:ro"": 1, ""name:roa-rup"": 1, ""name:roa-tara"": 1, ""name:ru"": 1, ""name:rue"": 1, ""name:rw"": 1, ""name:sa"": 1, ""name:sah"": 1, ""name:sat"": 1, ""name:sc"": 1, ""name:scn"": 1, ""name:sco"": 1, ""name:sd"": 1, ""name:se"": 1, ""name:sh"": 1, ""name:si"": 1, ""name:sk"": 1, ""name:sl"": 1, ""name:sm"": 1, ""name:smn"": 1, ""name:sms"": 1, ""name:so"": 1, ""name:sq"": 1, ""name:sr"": 1, ""name:srn"": 1, ""name:ss"": 1, ""name:stq"": 1, ""name:su"": 1, ""name:sv"": 1, ""name:sw"": 1, ""name:syc"": 1, ""name:szl"": 1, ""name:ta"": 1, ""name:te"": 1, ""name:tet"": 1, ""name:tg"": 1, ""name:th"": 1, ""name:tk"": 1, ""name:tl"": 1, ""name:to"": 1, ""name:tpi"": 1, ""name:tr"": 1, ""name:ts"": 1, ""name:tt"": 1, ""name:ty"": 1, ""name:udm"": 1, ""name:ug"": 1, ""name:uk"": 1, ""name:uz"": 1, ""name:vec"": 1, ""name:vi"": 1, ""name:vo"": 1, ""name:vro"": 1, ""name:wa"": 1, ""name:war"": 1, ""name:wo"": 1, ""name:wuu"": 1, ""name:xal"": 1, ""name:xmf"": 1, ""name:yi"": 1, ""name:yo"": 1, ""name:yue"": 1, ""name:za"": 1, ""name:zea"": 1, ""name:zh-Hans"": 1, ""name:zh-Hant"": 1, ""name:zu"": 1, ""official_name:ar"": 1, ""official_name:az-Arab"": 1, ""official_name:azb"": 1, ""official_name:cs"": 1, ""official_name:de"": 1, ""official_name:en"": 1, ""official_name:eo"": 1, ""official_name:es"": 1, ""official_name:fa"": 1, ""official_name:fr"": 1, ""official_name:ks"": 1, ""official_name:pa"": 1, ""official_name:pl"": 1, ""official_name:pnb"": 1, ""official_name:ps"": 1, ""official_name:ru"": 1, ""official_name:ur"": 1, ""official_name:vi"": 1, ""population"": 1, ""population:date"": 1, ""source:population"": 1, ""timezone"": 1, ""wikipedia:ks"": 1, ""wikipedia:pa"": 1, ""wikipedia:ur"": 1}",4995,1304,8,650,149,0,0,3,0,6,16,484,45,46,69,87,22,2,0
2023-09-26,21,84,9753,"{""id"": 4999, ""josm"": 4602, ""rapid"": 132, ""streetcomplete"": 14, ""organic maps android"": 3, ""maps"": 2, ""every door android"": 1}","{""building"": 300, ""waterway"": 123, ""intermittent"": 119, ""landuse"": 49, ""natural"": 37, ""highway"": 33, ""ford"": 7, ""layer"": 4, ""type"": 4, ""name:en"": 3, ""trail_visibility"": 3, ""opening_hours"": 2, ""phone"": 2, ""sac_scale"": 2, ""tunnel"": 2, ""shop"": 1, ""craft"": 1, ""tourism"": 1, ""addr:street"": 1, ""amenity"": 1, ""email"": 1, ""internet_access"": 1, ""website"": 1, ""water"": 1, ""bridge"": 1}","{""highway"": 60, ""waterway"": 44, ""name"": 35, ""intermittent"": 28, ""building"": 21, ""surface"": 20, ""source"": 16, ""landuse"": 15, ""natural"": 14, ""type"": 13, ""name:en"": 9, ""ref"": 8, ""route"": 8, ""name:ne"": 7, ""sac_scale"": 6, ""wikidata"": 6, ""wikipedia"": 5, ""network"": 5, ""boundary"": 4, ""ford"": 3, ""access"": 3, ""amenity"": 3, ""name:ru"": 3, ""lit"": 3, ""admin_level"": 3, ""description"": 3, ""note"": 2, ""name:be"": 2, ""name:zh"": 2, ""bicycle"": 2, ""foot"": 2, ""width"": 2, ""int_ref"": 2, ""lanes"": 2, ""ref:old"": 2, ""website"": 2, ""trailblazed"": 2, ""alt_name"": 2, ""name:de"": 2, ""name:fr"": 2, ""name:ur"": 2, ""distance"": 2, ""bicycle_parking"": 1, ""opening_hours"": 1, ""alt_name:zh"": 1, ""boat"": 1, ""name:tibt"": 1, ""name:zh_pinyin"": 1, ""smoothness"": 1, ""addr:housenumber"": 1, ""addr:street"": 1, ""building:levels"": 1, ""cycleway"": 1, ""horse"": 1, ""maxspeed"": 1, ""oneway"": 1, ""place"": 1, ""addr:city"": 1, ""addr:district"": 1, ""addr:province"": 1, ""office"": 1, ""check_date"": 1, ""emergency"": 1, ""healthcare"": 1, ""hazard_prone"": 1, ""hazard_type"": 1, ""layer"": 1, ""ISO3166-1"": 1, ""ISO3166-1:alpha2"": 1, ""ISO3166-1:alpha3"": 1, ""ISO3166-1:numeric"": 1, ""alt_name:eo"": 1, ""alt_name:ks"": 1, ""alt_name:ur"": 1, ""alt_name:vi"": 1, ""border_type"": 1, ""driving_side"": 1, ""flag"": 1, ""name:am"": 1, ""name:ar"": 1, ""name:arc"": 1, ""name:az"": 1, ""name:az-Arab"": 1, ""name:azb"": 1, ""name:ba"": 1, ""name:bar"": 1, ""name:bat-smg"": 1, ""name:bcl"": 1, ""name:be-tarask"": 1, ""name:bg"": 1, ""name:bh"": 1, ""name:bi"": 1, ""name:bjn"": 1, ""name:bn"": 1, ""name:bo"": 1, ""name:bpy"": 1, ""name:br"": 1, ""name:bs"": 1, ""name:bug"": 1, ""name:bxr"": 1, ""name:ca"": 1, ""name:cbk-zam"": 1, ""name:cdo"": 1, ""name:ce"": 1, ""name:ceb"": 1, ""name:chr"": 1, ""name:ckb"": 1, ""name:co"": 1, ""name:crh"": 1, ""name:cs"": 1, ""name:csb"": 1, ""name:cv"": 1, ""name:cy"": 1, ""name:da"": 1, ""name:din"": 1, ""name:diq"": 1, ""name:dsb"": 1, ""name:dv"": 1, ""name:dz"": 1, ""name:ee"": 1, ""name:el"": 1, ""name:eo"": 1, ""name:es"": 1, ""name:et"": 1, ""name:eu"": 1, ""name:ext"": 1, ""name:fa"": 1, ""name:fi"": 1, ""name:fo"": 1, ""name:frp"": 1, ""name:frr"": 1, ""name:fur"": 1, ""name:fy"": 1, ""name:ga"": 1, ""name:gag"": 1, ""name:gan"": 1, ""name:gd"": 1, ""name:glk"": 1, ""name:gn"": 1, ""name:gr"": 1, ""name:grc"": 1, ""name:gu"": 1, ""name:gv"": 1, ""name:ha"": 1, ""name:hak"": 1, ""name:haw"": 1, ""name:he"": 1, ""name:hi"": 1, ""name:hif"": 1, ""name:hr"": 1, ""name:hsb"": 1, ""name:ht"": 1, ""name:hu"": 1, ""name:hy"": 1, ""name:ia"": 1, ""name:id"": 1, ""name:ie"": 1, ""name:ig"": 1, ""name:ilo"": 1, ""name:io"": 1, ""name:is"": 1, ""name:it"": 1, ""name:iu"": 1, ""name:ja"": 1, ""name:jbo"": 1, ""name:jv"": 1, ""name:ka"": 1, ""name:kab-Arab"": 1, ""name:kbd"": 1, ""name:kg"": 1, ""name:kk"": 1, ""name:kl"": 1, ""name:km"": 1, ""name:kmr"": 1, ""name:kn"": 1, ""name:ko"": 1, ""name:krc"": 1, ""name:ks"": 1, ""name:ku"": 1, ""name:ku-Arab"": 1, ""name:kv"": 1, ""name:kw"": 1, ""name:ky"": 1, ""name:la"": 1, ""name:lb"": 1, ""name:lbe"": 1, ""name:lez"": 1, ""name:li"": 1, ""name:lij"": 1, ""name:lmo"": 1, ""name:ln"": 1, ""name:lrc"": 1, ""name:lt"": 1, ""name:ltg"": 1, ""name:lv"": 1, ""name:lzh"": 1, ""name:map-bms"": 1, ""name:mdf"": 1, ""name:mg"": 1, ""name:mi"": 1, ""name:mk"": 1, ""name:ml"": 1, ""name:mn"": 1, ""name:mo"": 1, ""name:mr"": 1, ""name:ms"": 1, ""name:mt"": 1, ""name:mwl"": 1, ""name:my"": 1, ""name:mzn"": 1, ""name:na"": 1, ""name:nah"": 1, ""name:nan"": 1, ""name:nap"": 1, ""name:nds"": 1, ""name:nds-nl"": 1, ""name:new"": 1, ""name:nl"": 1, ""name:nn"": 1, ""name:no"": 1, ""name:nov"": 1, ""name:nrm"": 1, ""name:nv"": 1, ""name:oc"": 1, ""name:or"": 1, ""name:os"": 1, ""name:pa"": 1, ""name:pam"": 1, ""name:pap"": 1, ""name:pcd"": 1, ""name:pi"": 1, ""name:pih"": 1, ""name:pl"": 1, ""name:pms"": 1, ""name:pnb"": 1, ""name:ps"": 1, ""name:pt"": 1, ""name:qu"": 1, ""name:rm"": 1, ""name:rmy"": 1, ""name:rn"": 1, ""name:ro"": 1, ""name:roa-rup"": 1, ""name:roa-tara"": 1, ""name:rue"": 1, ""name:rw"": 1, ""name:sa"": 1, ""name:sah"": 1, ""name:sat"": 1, ""name:sc"": 1, ""name:scn"": 1, ""name:sco"": 1, ""name:sd"": 1, ""name:se"": 1, ""name:sh"": 1, ""name:si"": 1, ""name:sk"": 1, ""name:sl"": 1, ""name:sm"": 1, ""name:smn"": 1, ""name:sms"": 1, ""name:so"": 1, ""name:sq"": 1, ""name:sr"": 1, ""name:srn"": 1, ""name:ss"": 1, ""name:stq"": 1, ""name:su"": 1, ""name:sv"": 1, ""name:sw"": 1, ""name:syc"": 1, ""name:szl"": 1, ""name:ta"": 1, ""name:te"": 1, ""name:tet"": 1, ""name:tg"": 1, ""name:th"": 1, ""name:tk"": 1, ""name:tl"": 1, ""name:to"": 1, ""name:tpi"": 1, ""name:tr"": 1, ""name:ts"": 1, ""name:tt"": 1, ""name:ty"": 1, ""name:udm"": 1, ""name:ug"": 1, ""name:uk"": 1, ""name:uz"": 1, ""name:vec"": 1, ""name:vi"": 1, ""name:vo"": 1, ""name:vro"": 1, ""name:wa"": 1, ""name:war"": 1, ""name:wo"": 1, ""name:wuu"": 1, ""name:xal"": 1, ""name:xmf"": 1, ""name:yi"": 1, ""name:yo"": 1, ""name:yue"": 1, ""name:za"": 1, ""name:zea"": 1, ""name:zh-Hans"": 1, ""name:zh-Hant"": 1, ""name:zu"": 1, ""official_name:ar"": 1, ""official_name:az-Arab"": 1, ""official_name:azb"": 1, ""official_name:cs"": 1, ""official_name:de"": 1, ""official_name:en"": 1, ""official_name:eo"": 1, ""official_name:es"": 1, ""official_name:fa"": 1, ""official_name:fr"": 1, ""official_name:ks"": 1, ""official_name:pa"": 1, ""official_name:pl"": 1, ""official_name:pnb"": 1, ""official_name:ps"": 1, ""official_name:ru"": 1, ""official_name:ur"": 1, ""official_name:vi"": 1, ""population"": 1, ""population:date"": 1, ""source:population"": 1, ""timezone"": 1, ""wikipedia:ks"": 1, ""wikipedia:pa"": 1, ""wikipedia:ur"": 1}",7176,1845,0,546,168,1,4,13,0,11,6,300,21,33,60,123,44,1,3
2023-09-27,32,100,10725,"{""josm"": 7573, ""id"": 3141, ""streetcomplete"": 6, ""organic maps android"": 4, ""maps"": 1}","{""building"": 540, ""waterway"": 93, ""intermittent"": 86, ""natural"": 51, ""landuse"": 32, ""highway"": 22, ""name"": 11, ""amenity"": 6, ""name:en"": 5, ""ford"": 4, ""layer"": 4, ""addr:street"": 3, ""healthcare"": 2, ""website"": 2, ""shop"": 2, ""phone"": 2, ""fixme"": 2, ""bridge"": 2, ""surface"": 2, ""tunnel"": 2, ""source"": 2, ""tracktype"": 2, ""type"": 2, ""Type"": 1, ""address"": 1, ""description"": 1, ""religion"": 1, ""office"": 1, ""opening_hours"": 1, ""internet_access"": 1, ""tourism"": 1, ""capacity"": 1, ""residential"": 1, ""incline"": 1, ""width"": 1}","{""highway"": 52, ""name"": 44, ""waterway"": 36, ""building"": 34, ""intermittent"": 26, ""natural"": 17, ""landuse"": 14, ""addr:city"": 12, ""surface"": 10, ""addr:place"": 9, ""name:en"": 7, ""ref"": 7, ""addr:housenumber"": 7, ""source"": 6, ""addr:street"": 6, ""amenity"": 5, ""name:ne"": 5, ""building:levels"": 5, ""shop"": 4, ""name:de"": 4, ""name:ur"": 4, ""height"": 4, ""addr:postcode"": 4, ""name:es"": 3, ""name:fa"": 3, ""name:ks"": 3, ""name:fr"": 3, ""religion"": 2, ""name:zh"": 2, ""wikidata"": 2, ""wikipedia"": 2, ""name:pl"": 2, ""admin_level"": 2, ""name:ar"": 2, ""name:arc"": 2, ""name:az-Arab"": 2, ""name:azb"": 2, ""name:be"": 2, ""name:da"": 2, ""name:el"": 2, ""name:grc"": 2, ""name:is"": 2, ""name:lb"": 2, ""name:nl"": 2, ""name:pa"": 2, ""name:ps"": 2, ""name:pt"": 2, ""name:ro"": 2, ""name:sr"": 2, ""name:sv"": 2, ""name:syc"": 2, ""name:uk"": 2, ""boundary"": 2, ""type"": 2, ""fix-me"": 1, ""healthcare"": 1, ""craft"": 1, ""check_date:opening_hours"": 1, ""opening_hours:signed"": 1, ""male"": 1, ""alt_name:zh"": 1, ""boat"": 1, ""name:tibt"": 1, ""name:zh_pinyin"": 1, ""int_ref"": 1, ""ref:old"": 1, ""bicycle"": 1, ""foot"": 1, ""horse"": 1, ""lanes"": 1, ""maxspeed"": 1, ""bridge"": 1, ""bridge:structure"": 1, ""layer"": 1, ""fixme"": 1, ""tracktype"": 1, ""isced:level"": 1, ""house"": 1, ""footway"": 1, ""name:af"": 1, ""ISO3166-1"": 1, ""ISO3166-1:alpha2"": 1, ""ISO3166-1:alpha3"": 1, ""ISO3166-1:numeric"": 1, ""alt_name"": 1, ""alt_name:eo"": 1, ""alt_name:ks"": 1, ""alt_name:ur"": 1, ""alt_name:vi"": 1, ""border_type"": 1, ""driving_side"": 1, ""flag"": 1, ""name:am"": 1, ""name:az"": 1, ""name:ba"": 1, ""name:bar"": 1, ""name:bat-smg"": 1, ""name:bcl"": 1, ""name:be-tarask"": 1, ""name:bg"": 1, ""name:bh"": 1, ""name:bi"": 1, ""name:bjn"": 1, ""name:bn"": 1, ""name:bo"": 1, ""name:bpy"": 1, ""name:br"": 1, ""name:bs"": 1, ""name:bug"": 1, ""name:bxr"": 1, ""name:ca"": 1, ""name:cbk-zam"": 1, ""name:cdo"": 1, ""name:ce"": 1, ""name:ceb"": 1, ""name:chr"": 1, ""name:ckb"": 1, ""name:co"": 1, ""name:crh"": 1, ""name:cs"": 1, ""name:csb"": 1, ""name:cv"": 1, ""name:cy"": 1, ""name:din"": 1, ""name:diq"": 1, ""name:dsb"": 1, ""name:dv"": 1, ""name:dz"": 1, ""name:ee"": 1, ""name:eo"": 1, ""name:et"": 1, ""name:eu"": 1, ""name:ext"": 1, ""name:fi"": 1, ""name:fo"": 1, ""name:frp"": 1, ""name:frr"": 1, ""name:fur"": 1, ""name:fy"": 1, ""name:ga"": 1, ""name:gag"": 1, ""name:gan"": 1, ""name:gd"": 1, ""name:glk"": 1, ""name:gn"": 1, ""name:gr"": 1, ""name:gu"": 1, ""name:gv"": 1, ""name:ha"": 1, ""name:hak"": 1, ""name:haw"": 1, ""name:he"": 1, ""name:hi"": 1, ""name:hif"": 1, ""name:hr"": 1, ""name:hsb"": 1, ""name:ht"": 1, ""name:hu"": 1, ""name:hy"": 1, ""name:ia"": 1, ""name:id"": 1, ""name:ie"": 1, ""name:ig"": 1, ""name:ilo"": 1, ""name:io"": 1, ""name:it"": 1, ""name:iu"": 1, ""name:ja"": 1, ""name:jbo"": 1, ""name:jv"": 1, ""name:ka"": 1, ""name:kab-Arab"": 1, ""name:kbd"": 1, ""name:kg"": 1, ""name:kk"": 1, ""name:kl"": 1, ""name:km"": 1, ""name:kmr"": 1, ""name:kn"": 1, ""name:ko"": 1, ""name:krc"": 1, ""name:ku"": 1, ""name:ku-Arab"": 1, ""name:kv"": 1, ""name:kw"": 1, ""name:ky"": 1, ""name:la"": 1, ""name:lbe"": 1, ""name:lez"": 1, ""name:li"": 1, ""name:lij"": 1, ""name:lmo"": 1, ""name:ln"": 1, ""name:lrc"": 1, ""name:lt"": 1, ""name:ltg"": 1, ""name:lv"": 1, ""name:lzh"": 1, ""name:map-bms"": 1, ""name:mdf"": 1, ""name:mg"": 1, ""name:mi"": 1, ""name:mk"": 1, ""name:ml"": 1, ""name:mn"": 1, ""name:mo"": 1, ""name:mr"": 1, ""name:ms"": 1, ""name:mt"": 1, ""name:mwl"": 1, ""name:my"": 1, ""name:mzn"": 1, ""name:na"": 1, ""name:nah"": 1, ""name:nan"": 1, ""name:nap"": 1, ""name:nds"": 1, ""name:nds-nl"": 1, ""name:new"": 1, ""name:nn"": 1, ""name:no"": 1, ""name:nov"": 1, ""name:nrm"": 1, ""name:nv"": 1, ""name:oc"": 1, ""name:or"": 1, ""name:os"": 1, ""name:pam"": 1, ""name:pap"": 1, ""name:pcd"": 1, ""name:pi"": 1, ""name:pih"": 1, ""name:pms"": 1, ""name:pnb"": 1, ""name:qu"": 1, ""name:rm"": 1, ""name:rmy"": 1, ""name:rn"": 1, ""name:roa-rup"": 1, ""name:roa-tara"": 1, ""name:ru"": 1, ""name:rue"": 1, ""name:rw"": 1, ""name:sa"": 1, ""name:sah"": 1, ""name:sat"": 1, ""name:sc"": 1, ""name:scn"": 1, ""name:sco"": 1, ""name:sd"": 1, ""name:se"": 1, ""name:sh"": 1, ""name:si"": 1, ""name:sk"": 1, ""name:sl"": 1, ""name:sm"": 1, ""name:smn"": 1, ""name:sms"": 1, ""name:so"": 1, ""name:sq"": 1, ""name:srn"": 1, ""name:ss"": 1, ""name:stq"": 1, ""name:su"": 1, ""name:sw"": 1, ""name:szl"": 1, ""name:ta"": 1, ""name:te"": 1, ""name:tet"": 1, ""name:tg"": 1, ""name:th"": 1, ""name:tk"": 1, ""name:tl"": 1, ""name:to"": 1, ""name:tpi"": 1, ""name:tr"": 1, ""name:ts"": 1, ""name:tt"": 1, ""name:ty"": 1, ""name:udm"": 1, ""name:ug"": 1, ""name:uz"": 1, ""name:vec"": 1, ""name:vi"": 1, ""name:vo"": 1, ""name:vro"": 1, ""name:wa"": 1, ""name:war"": 1, ""name:wo"": 1, ""name:wuu"": 1, ""name:xal"": 1, ""name:xmf"": 1, ""name:yi"": 1, ""name:yo"": 1, ""name:yue"": 1, ""name:za"": 1, ""name:zea"": 1, ""name:zh-Hans"": 1, ""name:zh-Hant"": 1, ""name:zu"": 1, ""official_name:ar"": 1, ""official_name:az-Arab"": 1, ""official_name:azb"": 1, ""official_name:cs"": 1, ""official_name:de"": 1, ""official_name:en"": 1, ""official_name:eo"": 1, ""official_name:es"": 1, ""official_name:fa"": 1, ""official_name:fr"": 1, ""official_name:ks"": 1, ""official_name:pa"": 1, ""official_name:pl"": 1, ""official_name:pnb"": 1, ""official_name:ps"": 1, ""official_name:ru"": 1, ""official_name:ur"": 1, ""official_name:vi"": 1, ""population"": 1, ""population:date"": 1, ""source:population"": 1, ""timezone"": 1, ""wikipedia:ks"": 1, ""wikipedia:pa"": 1, ""wikipedia:ur"": 1}",9068,744,1,748,159,1,2,2,0,15,10,540,34,22,52,93,36,6,5
2023-09-28,24,135,16860,"{""josm"": 11610, ""id"": 5243, ""https"": 3, ""organic maps android"": 2, ""maps"": 1, ""level"": 1}","{""building"": 809, ""waterway"": 90, ""intermittent"": 88, ""natural"": 85, ""highway"": 55, ""landuse"": 31, ""name"": 3, ""type"": 3, ""opening_hours"": 2, ""phone"": 2, ""ford"": 2, ""name:en"": 2, ""tourism"": 2, ""bridge"": 2, ""layer"": 2, ""lake"": 2, ""addr:street"": 1, ""amenity"": 1, ""cuisine"": 1, ""internet_access"": 1, ""internet_access:fee"": 1, ""website"": 1, ""surface"": 1, ""addr:place"": 1, ""leisure"": 1, ""water"": 1}","{""highway"": 89, ""building"": 65, ""source"": 47, ""building:structure"": 33, ""fire_station:type"": 33, ""water_source"": 32, ""waterway"": 30, ""toilet"": 30, ""name"": 28, ""intermittent"": 26, ""communication"": 24, ""transport"": 23, ""surface"": 20, ""natural"": 14, ""awareness:red_cross"": 12, ""ref"": 10, ""name:ne"": 7, ""ford"": 6, ""amenity"": 6, ""name:en"": 6, ""wikidata"": 6, ""ref:old"": 6, ""type"": 6, ""name:zh"": 5, ""wikipedia"": 5, ""HR:FA"": 5, ""landuse"": 5, ""boundary"": 5, ""phone"": 4, ""website"": 4, ""alt_name"": 4, ""livestock:goat"": 4, ""livestock:poultry"": 4, ""name:de"": 4, ""name:fr"": 4, ""name:ur"": 4, ""addr:street"": 3, ""opening_hours"": 3, ""alt_name:zh"": 3, ""width"": 3, ""HR:DM"": 3, ""expert:health"": 3, ""livestock:cow_ox"": 3, ""layer"": 3, ""lanes"": 3, ""admin_level"": 3, ""name:ar"": 3, ""name:az"": 3, ""name:be"": 3, ""name:bg"": 3, ""name:bn"": 3, ""name:bo"": 3, ""name:br"": 3, ""name:bs"": 3, ""name:ca"": 3, ""name:cs"": 3, ""name:da"": 3, ""name:dz"": 3, ""name:el"": 3, ""name:eo"": 3, ""name:es"": 3, ""name:et"": 3, ""name:eu"": 3, ""name:fa"": 3, ""name:fi"": 3, ""name:gv"": 3, ""name:he"": 3, ""name:hi"": 3, ""name:hr"": 3, ""name:hsb"": 3, ""name:hu"": 3, ""name:hy"": 3, ""name:ia"": 3, ""name:id"": 3, ""name:is"": 3, ""name:it"": 3, ""name:ja"": 3, ""name:ka"": 3, ""name:kg"": 3, ""name:kn"": 3, ""name:ko"": 3, ""name:ku"": 3, ""name:kw"": 3, ""name:lt"": 3, ""name:lv"": 3, ""name:ml"": 3, ""name:mn"": 3, ""name:mr"": 3, ""name:ms"": 3, ""name:nan"": 3, ""name:nl"": 3, ""name:nn"": 3, ""name:no"": 3, ""name:or"": 3, ""name:os"": 3, ""name:pa"": 3, ""name:pl"": 3, ""name:pt"": 3, ""name:qu"": 3, ""name:ro"": 3, ""name:ru"": 3, ""name:sk"": 3, ""name:sq"": 3, ""name:sr"": 3, ""name:su"": 3, ""name:sv"": 3, ""name:ta"": 3, ""name:te"": 3, ""name:tg"": 3, ""name:th"": 3, ""name:tl"": 3, ""name:tr"": 3, ""name:ug"": 3, ""name:uk"": 3, ""name:uz"": 3, ""name:vi"": 3, ""name:yo"": 3, ""name:yue"": 3, ""name:za"": 3, ""name:zh-Hans"": 3, ""name:zh-Hant"": 3, ""official_name:cs"": 3, ""official_name:de"": 3, ""official_name:en"": 3, ""official_name:es"": 3, ""official_name:fr"": 3, ""official_name:pl"": 3, ""official_name:ru"": 3, ""population"": 3, ""population:date"": 3, ""boat"": 2, ""name:tibt"": 2, ""name:zh_pinyin"": 2, ""isced:level"": 2, ""operator:type"": 2, ""personnel:count"": 2, ""student:count"": 2, ""HR:others"": 2, ""maxspeed"": 2, ""footway"": 2, ""alt_name:vi"": 2, ""int_name"": 2, ""name:af"": 2, ""name:as"": 2, ""name:gl"": 2, ""name:zh-Latn-pinyin"": 2, ""official_name"": 2, ""official_name:hr"": 2, ""official_name:hsb"": 2, ""official_name:hu"": 2, ""official_name:it"": 2, ""official_name:lt"": 2, ""official_name:nl"": 2, ""official_name:pt"": 2, ""official_name:ro"": 2, ""official_name:sk"": 2, ""official_name:uk"": 2, ""source:population"": 2, ""ISO3166-1"": 2, ""ISO3166-1:alpha2"": 2, ""ISO3166-1:alpha3"": 2, ""ISO3166-1:numeric"": 2, ""alt_name:eo"": 2, ""flag"": 2, ""name:am"": 2, ""name:arc"": 2, ""name:azb"": 2, ""name:ba"": 2, ""name:bar"": 2, ""name:bcl"": 2, ""name:be-tarask"": 2, ""name:bh"": 2, ""name:bi"": 2, ""name:bjn"": 2, ""name:bpy"": 2, ""name:bxr"": 2, ""name:cbk-zam"": 2, ""name:ce"": 2, ""name:ceb"": 2, ""name:chr"": 2, ""name:ckb"": 2, ""name:co"": 2, ""name:crh"": 2, ""name:csb"": 2, ""name:cv"": 2, ""name:cy"": 2, ""name:diq"": 2, ""name:dsb"": 2, ""name:dv"": 2, ""name:ee"": 2, ""name:ext"": 2, ""name:fo"": 2, ""name:frp"": 2, ""name:frr"": 2, ""name:fur"": 2, ""name:fy"": 2, ""name:ga"": 2, ""name:gag"": 2, ""name:gan"": 2, ""name:gd"": 2, ""name:gn"": 2, ""name:gu"": 2, ""name:ha"": 2, ""name:hak"": 2, ""name:haw"": 2, ""name:hif"": 2, ""name:ht"": 2, ""name:ie"": 2, ""name:ig"": 2, ""name:ilo"": 2, ""name:io"": 2, ""name:iu"": 2, ""name:jbo"": 2, ""name:jv"": 2, ""name:kbd"": 2, ""name:kk"": 2, ""name:kl"": 2, ""name:km"": 2, ""name:krc"": 2, ""name:ks"": 2, ""name:kv"": 2, ""name:ky"": 2, ""name:la"": 2, ""name:lb"": 2, ""name:lez"": 2, ""name:li"": 2, ""name:lmo"": 2, ""name:ln"": 2, ""name:lrc"": 2, ""name:lzh"": 2, ""name:mdf"": 2, ""name:mg"": 2, ""name:mi"": 2, ""name:mk"": 2, ""name:mt"": 2, ""name:mwl"": 2, ""name:my"": 2, ""name:mzn"": 2, ""name:na"": 2, ""name:nah"": 2, ""name:nap"": 2, ""name:nds"": 2, ""name:nds-nl"": 2, ""name:new"": 2, ""name:nov"": 2, ""name:nrm"": 2, ""name:nv"": 2, ""name:oc"": 2, ""name:pam"": 2, ""name:pap"": 2, ""name:pcd"": 2, ""name:pih"": 2, ""name:pms"": 2, ""name:pnb"": 2, ""name:ps"": 2, ""name:rm"": 2, ""name:rmy"": 2, ""name:rn"": 2, ""name:roa-tara"": 2, ""name:rue"": 2, ""name:rw"": 2, ""name:sah"": 2, ""name:sc"": 2, ""name:scn"": 2, ""name:sco"": 2, ""name:sd"": 2, ""name:se"": 2, ""name:sh"": 2, ""name:si"": 2, ""name:sl"": 2, ""name:sm"": 2, ""name:smn"": 2, ""name:sms"": 2, ""name:so"": 2, ""name:srn"": 2, ""name:ss"": 2, ""name:stq"": 2, ""name:sw"": 2, ""name:szl"": 2, ""name:tet"": 2, ""name:tk"": 2, ""name:to"": 2, ""name:tpi"": 2, ""name:ts"": 2, ""name:tt"": 2, ""name:ty"": 2, ""name:udm"": 2, ""name:vec"": 2, ""name:vo"": 2, ""name:vro"": 2, ""name:war"": 2, ""name:wo"": 2, ""name:wuu"": 2, ""name:xal"": 2, ""name:xmf"": 2, ""name:yi"": 2, ""name:zea"": 2, ""name:zu"": 2, ""official_name:ar"": 2, ""official_name:azb"": 2, ""official_name:eo"": 2, ""official_name:fa"": 2, ""official_name:pa"": 2, ""official_name:ps"": 2, ""official_name:ur"": 2, ""official_name:vi"": 2, ""timezone"": 2, ""addr:postcode"": 1, ""email"": 1, ""office"": 1, ""sidewalk"": 1, ""building_count"": 1, ""livestock"": 1, ""tourism"": 1, ""tunnel"": 1, ""religion"": 1, ""FIXME"": 1, ""bridge"": 1, ""bridge:structure"": 1, ""addr:housenumber"": 1, ""HR:EWS"": 1, ""livestock:pig"": 1, ""HR:SAR"": 1, ""widow"": 1, ""access_status"": 1, ""condition"": 1, ""project:url"": 1, ""start_chainage"": 1, ""survey:date"": 1, ""survey:year"": 1, ""width:ROW"": 1, ""width:shoulder"": 1, ""cutting"": 1, ""addr:place"": 1, ""status"": 1, ""crop"": 1, ""water"": 1, ""bicycle"": 1, ""foot"": 1, ""horse"": 1, ""motor_vehicle"": 1, ""oneway"": 1, ""ISO3166-2"": 1, ""division_code"": 1, ""note"": 1, ""ref:en"": 1, ""ref:zh"": 1, ""short_name"": 1, ""alt_name:af"": 1, ""alt_name:als"": 1, ""alt_name:av"": 1, ""alt_name:be"": 1, ""alt_name:chr"": 1, ""alt_name:crh"": 1, ""alt_name:cy"": 1, ""alt_name:en"": 1, ""alt_name:gd"": 1, ""alt_name:jbo"": 1, ""alt_name:jv"": 1, ""alt_name:koi"": 1, ""alt_name:la"": 1, ""alt_name:lez"": 1, ""alt_name:ln"": 1, ""alt_name:min"": 1, ""alt_name:nan"": 1, ""alt_name:nan-HJ"": 1, ""alt_name:nan-POJ"": 1, ""alt_name:nan-TL"": 1, ""alt_name:nds"": 1, ""alt_name:nrm"": 1, ""alt_name:qu"": 1, ""alt_name:rmy"": 1, ""alt_name:ru"": 1, ""alt_name:sl"": 1, ""alt_name:sr"": 1, ""alt_name:su"": 1, ""alt_name:sw"": 1, ""alt_name:tpi"": 1, ""alt_name:za"": 1, ""alt_name:zh-Hans"": 1, ""alt_name:zh-Hant"": 1, ""default_language"": 1, ""name:UN:ar"": 1, ""name:UN:en"": 1, ""name:UN:es"": 1, ""name:UN:fr"": 1, ""name:UN:ru"": 1, ""name:UN:zh"": 1, ""name:Zsye"": 1, ""name:aa"": 1, ""name:ab"": 1, ""name:ace"": 1, ""name:ady"": 1, ""name:ak"": 1, ""name:als"": 1, ""name:an"": 1, ""name:ang"": 1, ""name:arz"": 1, ""name:ast"": 1, ""name:av"": 1, ""name:ay"": 1, ""name:bm"": 1, ""name:cal"": 1, ""name:ch"": 1, ""name:chy"": 1, ""name:cu"": 1, ""name:dty"": 1, ""name:eml"": 1, ""name:ff"": 1, ""name:fj"": 1, ""name:gom"": 1, ""name:ii"": 1, ""name:ik"": 1, ""name:jam"": 1, ""name:kaa"": 1, ""name:kab"": 1, ""name:kbp"": 1, ""name:ki"": 1, ""name:ko-Hani"": 1, ""name:koi"": 1, ""name:ksh"": 1, ""name:lad"": 1, ""name:lg"": 1, ""name:lo"": 1, ""name:mai"": 1, ""name:mhr"": 1, ""name:min"": 1, ""name:myv"": 1, ""name:nan-HJ"": 1, ""name:nan-POJ"": 1, ""name:nan-TL"": 1, ""name:nb"": 1, ""name:nso"": 1, ""name:ny"": 1, ""name:olo"": 1, ""name:om"": 1, ""name:pag"": 1, ""name:pnt"": 1, ""name:sg"": 1, ""name:sn"": 1, ""name:st"": 1, ""name:ti"": 1, ""name:tn"": 1, ""name:tok"": 1, ""name:tum"": 1, ""name:tw"": 1, ""name:tyv"": 1, ""name:tzl"": 1, ""name:ve"": 1, ""name:vep"": 1, ""name:vls"": 1, ""name:xh"": 1, ""name:za-Hani"": 1, ""official_name:ab"": 1, ""official_name:ace"": 1, ""official_name:af"": 1, ""official_name:als"": 1, ""official_name:am"": 1, ""official_name:an"": 1, ""official_name:ang"": 1, ""official_name:arc"": 1, ""official_name:arz"": 1, ""official_name:as"": 1, ""official_name:ast"": 1, ""official_name:av"": 1, ""official_name:ay"": 1, ""official_name:az"": 1, ""official_name:ba"": 1, ""official_name:bar"": 1, ""official_name:bat-smg"": 1, ""official_name:bcl"": 1, ""official_name:be"": 1, ""official_name:be-tarask"": 1, ""official_name:bg"": 1, ""official_name:bh"": 1, ""official_name:bjn"": 1, ""official_name:bm"": 1, ""official_name:bn"": 1, ""official_name:bo"": 1, ""official_name:bpy"": 1, ""official_name:br"": 1, ""official_name:bs"": 1, ""official_name:bxr"": 1, ""official_name:ca"": 1, ""official_name:cbk-zam"": 1, ""official_name:cdo"": 1, ""official_name:ce"": 1, ""official_name:ceb"": 1, ""official_name:chr"": 1, ""official_name:ckb"": 1, ""official_name:co"": 1, ""official_name:crh"": 1, ""official_name:csb"": 1, ""official_name:cu"": 1, ""official_name:cv"": 1, ""official_name:cy"": 1, ""official_name:da"": 1, ""official_name:diq"": 1, ""official_name:dsb"": 1, ""official_name:dty"": 1, ""official_name:el"": 1, ""official_name:eml"": 1, ""official_name:et"": 1, ""official_name:eu"": 1, ""official_name:ext"": 1, ""official_name:fi"": 1, ""official_name:fo"": 1, ""official_name:frp"": 1, ""official_name:frr"": 1, ""official_name:fy"": 1, ""official_name:ga"": 1, ""official_name:gag"": 1, ""official_name:gan"": 1, ""official_name:gd"": 1, ""official_name:gl"": 1, ""official_name:gn"": 1, ""official_name:gu"": 1, ""official_name:gv"": 1, ""official_name:ha"": 1, ""official_name:hak"": 1, ""official_name:he"": 1, ""official_name:hi"": 1, ""official_name:hif"": 1, ""official_name:hy"": 1, ""official_name:ia"": 1, ""official_name:id"": 1, ""official_name:ilo"": 1, ""official_name:io"": 1, ""official_name:is"": 1, ""official_name:ja"": 1, ""official_name:jam"": 1, ""official_name:jbo"": 1, ""official_name:jv"": 1, ""official_name:ka"": 1, ""official_name:kbd"": 1, ""official_name:kg"": 1, ""official_name:ki"": 1, ""official_name:kk"": 1, ""official_name:kl"": 1, ""official_name:km"": 1, ""official_name:kn"": 1, ""official_name:ko"": 1, ""official_name:ko-Hani"": 1, ""official_name:koi"": 1, ""official_name:krc"": 1, ""official_name:ku"": 1, ""official_name:kw"": 1, ""official_name:ky"": 1, ""official_name:la"": 1, ""official_name:lad"": 1, ""official_name:lb"": 1, ""official_name:lez"": 1, ""official_name:li"": 1, ""official_name:lmo"": 1, ""official_name:lo"": 1, ""official_name:lrc"": 1, ""official_name:lv"": 1, ""official_name:lzh"": 1, ""official_name:mai"": 1, ""official_name:mdf"": 1, ""official_name:mg"": 1, ""official_name:mi"": 1, ""official_name:min"": 1, ""official_name:mk"": 1, ""official_name:ml"": 1, ""official_name:mn"": 1, ""official_name:mr"": 1, ""official_name:ms"": 1, ""official_name:mt"": 1, ""official_name:mwl"": 1, ""official_name:my"": 1, ""official_name:myv"": 1, ""official_name:mzn"": 1, ""official_name:nah"": 1, ""official_name:nan"": 1, ""official_name:nan-HJ"": 1, ""official_name:nan-POJ"": 1, ""official_name:nan-TL"": 1, ""official_name:nap"": 1, ""official_name:nds"": 1, ""official_name:nds-nl"": 1, ""official_name:ne"": 1, ""official_name:new"": 1, ""official_name:nn"": 1, ""official_name:no"": 1, ""official_name:nov"": 1, ""official_name:nrm"": 1, ""official_name:nso"": 1, ""official_name:oc"": 1, ""official_name:olo"": 1, ""official_name:om"": 1, ""official_name:os"": 1, ""official_name:pag"": 1, ""official_name:pam"": 1, ""official_name:pap"": 1, ""official_name:pcd"": 1, ""official_name:pih"": 1, ""official_name:pnt"": 1, ""official_name:qu"": 1, ""official_name:roa-tara"": 1, ""official_name:rue"": 1, ""official_name:sah"": 1, ""official_name:scn"": 1, ""official_name:sco"": 1, ""official_name:sd"": 1, ""official_name:se"": 1, ""official_name:sg"": 1, ""official_name:sh"": 1, ""official_name:si"": 1, ""official_name:sl"": 1, ""official_name:sm"": 1, ""official_name:sq"": 1, ""official_name:sr"": 1, ""official_name:srn"": 1, ""official_name:stq"": 1, ""official_name:su"": 1, ""official_name:sv"": 1, ""official_name:sw"": 1, ""official_name:szl"": 1, ""official_name:ta"": 1, ""official_name:te"": 1, ""official_name:tet"": 1, ""official_name:tg"": 1, ""official_name:th"": 1, ""official_name:ti"": 1, ""official_name:tk"": 1, ""official_name:tl"": 1, ""official_name:tpi"": 1, ""official_name:tr"": 1, ""official_name:tt"": 1, ""official_name:udm"": 1, ""official_name:ug"": 1, ""official_name:uz"": 1, ""official_name:vec"": 1, ""official_name:vep"": 1, ""official_name:vls"": 1, ""official_name:vro"": 1, ""official_name:war"": 1, ""official_name:wo"": 1, ""official_name:wuu"": 1, ""official_name:xmf"": 1, ""official_name:yi"": 1, ""official_name:yo"": 1, ""official_name:yue"": 1, ""official_name:za"": 1, ""official_name:zea"": 1, ""official_name:zh"": 1, ""official_name:zh-Hans"": 1, ""official_name:zh-Hant"": 1, ""old_name:eo"": 1, ""short_name:ab"": 1, ""short_name:ang"": 1, ""short_name:av"": 1, ""short_name:az"": 1, ""short_name:ba"": 1, ""short_name:bat-smg"": 1, ""short_name:be"": 1, ""short_name:bjn"": 1, ""short_name:ce"": 1, ""short_name:ceb"": 1, ""short_name:cs"": 1, ""short_name:cv"": 1, ""short_name:cy"": 1, ""short_name:dty"": 1, ""short_name:en"": 1, ""short_name:et"": 1, ""short_name:fr"": 1, ""short_name:ga"": 1, ""short_name:hy"": 1, ""short_name:id"": 1, ""short_name:ilo"": 1, ""short_name:jv"": 1, ""short_name:krc"": 1, ""short_name:min"": 1, ""short_name:mk"": 1, ""short_name:ml"": 1, ""short_name:ms"": 1, ""short_name:mt"": 1, ""short_name:mwl"": 1, ""short_name:nan"": 1, ""short_name:nan-HJ"": 1, ""short_name:nan-POJ"": 1, ""short_name:nan-TL"": 1, ""short_name:ne"": 1, ""short_name:pl"": 1, ""short_name:pt"": 1, ""short_name:ru"": 1, ""short_name:sco"": 1, ""short_name:sl"": 1, ""short_name:sr"": 1, ""short_name:su"": 1, ""short_name:szl"": 1, ""short_name:tg"": 1, ""short_name:tk"": 1, ""short_name:tr"": 1, ""short_name:tt"": 1, ""short_name:uz"": 1, ""short_name:vec"": 1, ""short_name:zh"": 1, ""short_name:zh-Hans"": 1, ""short_name:zh-Hant"": 1, ""alt_name:ks"": 1, ""alt_name:ur"": 1, ""border_type"": 1, ""driving_side"": 1, ""name:az-Arab"": 1, ""name:bat-smg"": 1, ""name:bug"": 1, ""name:cdo"": 1, ""name:din"": 1, ""name:glk"": 1, ""name:gr"": 1, ""name:grc"": 1, ""name:kab-Arab"": 1, ""name:kmr"": 1, ""name:ku-Arab"": 1, ""name:lbe"": 1, ""name:lij"": 1, ""name:ltg"": 1, ""name:map-bms"": 1, ""name:mo"": 1, ""name:pi"": 1, ""name:roa-rup"": 1, ""name:sa"": 1, ""name:sat"": 1, ""name:syc"": 1, ""name:wa"": 1, ""official_name:az-Arab"": 1, ""official_name:ks"": 1, ""official_name:pnb"": 1, ""wikipedia:ks"": 1, ""wikipedia:pa"": 1, ""wikipedia:ur"": 1}",13529,2037,1,1072,212,0,3,6,0,5,9,809,65,55,89,90,30,1,6
2023-09-29,17,68,10903,"{""josm"": 7513, ""id"": 3389, ""organic maps android"": 1}","{""building"": 217, ""waterway"": 148, ""intermittent"": 144, ""natural"": 65, ""highway"": 21, ""landuse"": 19, ""name"": 11, ""amenity"": 3, ""surface"": 3, ""addr:street"": 2, ""addr:place"": 2, ""religion"": 2, ""incline"": 2, ""motor_vehicle"": 2, ""grades"": 1, ""police"": 1, ""operator"": 1, ""shop"": 1, ""name:en"": 1, ""layer"": 1, ""tunnel"": 1, ""width"": 1, ""area"": 1, ""building:levels"": 1, ""bicycle"": 1, ""source"": 1}","{""highway"": 39, ""waterway"": 29, ""intermittent"": 28, ""natural"": 16, ""surface"": 9, ""name"": 6, ""landuse"": 6, ""source"": 6, ""ref"": 4, ""building"": 3, ""boundary"": 3, ""admin_level"": 2, ""ford"": 2, ""place"": 1, ""addr:full"": 1, ""description"": 1, ""website"": 1, ""addr:street"": 1, ""shop"": 1, ""lanes"": 1, ""smoothness"": 1, ""damage:event"": 1, ""nature"": 1, ""type"": 1}",9630,689,0,479,102,2,0,1,0,6,3,217,3,21,39,148,29,3,0
2023-09-30,15,69,767,"{""id"": 499, ""josm"": 256, ""organic maps android"": 5, ""streetcomplete"": 5, ""vespucci"": 1, ""osm"": 1}","{""highway"": 46, ""building"": 44, ""name:en"": 5, ""waterway"": 3, ""shop"": 2, ""name"": 2, ""seamark:type"": 2, ""ford"": 2, ""boundary"": 2, ""phone"": 1, ""tourism"": 1, ""man_made"": 1, ""amenity"": 1, ""source"": 1, ""layer"": 1}","{""name"": 16, ""highway"": 12, ""landuse"": 6, ""name:ne"": 4, ""lit"": 4, ""width"": 4, ""name:en"": 4, ""surface"": 4, ""ref"": 4, ""boundary"": 4, ""building"": 4, ""type"": 4, ""place"": 3, ""sidewalk"": 3, ""wheelchair"": 2, ""waterway"": 2, ""ref:old"": 2, ""addr:city"": 1, ""addr:housenumber"": 1, ""addr:street"": 1, ""opening_hours"": 1, ""payment:cash"": 1, ""payment:visa"": 1, ""phone"": 1, ""shop"": 1, ""toilets:wheelchair"": 1, ""internet_access"": 1, ""tourism"": 1, ""parking:both"": 1, ""lanes"": 1, ""source"": 1, ""admin_level"": 1, ""amenity"": 1, ""religion"": 1, ""natural"": 1, ""from"": 1, ""int_ref"": 1, ""name:de"": 1, ""name:ru"": 1, ""name:zh"": 1, ""name:zh-Hant"": 1, ""network"": 1, ""official_name"": 1, ""route"": 1, ""short_name"": 1, ""short_name:zh-Hant"": 1, ""to"": 1, ""wikidata"": 1, ""wikipedia"": 1, ""fixme"": 1}",629,14,0,94,26,0,0,4,0,8,4,44,4,46,12,3,2,1,1
