id,parent,name,update_url
afghanistan,asia,Afghanistan,https://download.geofabrik.de/asia/afghanistan-updates
africa,,Africa,https://download.geofabrik.de/africa-updates
albania,europe,Albania,https://download.geofabrik.de/europe/albania-updates
alberta,canada,Alberta,https://download.geofabrik.de/north-america/canada/alberta-updates
algeria,africa,Algeria,https://download.geofabrik.de/africa/algeria-updates
alps,europe,Alps,https://download.geofabrik.de/europe/alps-updates
alsace,france,Alsace,https://download.geofabrik.de/europe/france/alsace-updates
american-oceania,australia-oceania,American Oceania,https://download.geofabrik.de/australia-oceania/american-oceania-updates
andalucia,spain,Andalucía,https://download.geofabrik.de/europe/spain/andalucia-updates
andorra,europe,Andorra,https://download.geofabrik.de/europe/andorra-updates
angola,africa,Angola,https://download.geofabrik.de/africa/angola-updates
antarctica,,Antarctica,https://download.geofabrik.de/antarctica-updates
aquitaine,france,Aquitaine,https://download.geofabrik.de/europe/france/aquitaine-updates
aragon,spain,Aragón,https://download.geofabrik.de/europe/spain/aragon-updates
argentina,south-america,Argentina,https://download.geofabrik.de/south-america/argentina-updates
armenia,asia,Armenia,https://download.geofabrik.de/asia/armenia-updates
arnsberg-regbez,nordrhein-westfalen,Regierungsbezirk Arnsberg,https://download.geofabrik.de/europe/germany/nordrhein-westfalen/arnsberg-regbez-updates
asia,,Asia,https://download.geofabrik.de/asia-updates
asturias,spain,Asturias,https://download.geofabrik.de/europe/spain/asturias-updates
australia,australia-oceania,Australia,https://download.geofabrik.de/australia-oceania/australia-updates
australia-oceania,,Australia and Oceania,https://download.geofabrik.de/australia-oceania-updates
austria,europe,Austria,https://download.geofabrik.de/europe/austria-updates
auvergne,france,Auvergne,https://download.geofabrik.de/europe/france/auvergne-updates
azerbaijan,asia,Azerbaijan,https://download.geofabrik.de/asia/azerbaijan-updates
azores,europe,Azores,https://download.geofabrik.de/europe/azores-updates
baden-wuerttemberg,germany,Baden-Württemberg,https://download.geofabrik.de/europe/germany/baden-wuerttemberg-updates
bahamas,central-america,Bahamas,https://download.geofabrik.de/central-america/bahamas-updates
bangladesh,asia,Bangladesh,https://download.geofabrik.de/asia/bangladesh-updates
basse-normandie,france,Basse-Normandie,https://download.geofabrik.de/europe/france/basse-normandie-updates
bayern,germany,Bayern,https://download.geofabrik.de/europe/germany/bayern-updates
bedfordshire,england,Bedfordshire,https://download.geofabrik.de/europe/great-britain/england/bedfordshire-updates
belarus,europe,Belarus,https://download.geofabrik.de/europe/belarus-updates
belgium,europe,Belgium,https://download.geofabrik.de/europe/belgium-updates
belize,central-america,Belize,https://download.geofabrik.de/central-america/belize-updates
benin,africa,Benin,https://download.geofabrik.de/africa/benin-updates
berkshire,england,Berkshire,https://download.geofabrik.de/europe/great-britain/england/berkshire-updates
berlin,germany,Berlin,https://download.geofabrik.de/europe/germany/berlin-updates
bhutan,asia,Bhutan,https://download.geofabrik.de/asia/bhutan-updates
bolivia,south-america,Bolivia,https://download.geofabrik.de/south-america/bolivia-updates
bosnia-herzegovina,europe,Bosnia-Herzegovina,https://download.geofabrik.de/europe/bosnia-herzegovina-updates
botswana,africa,Botswana,https://download.geofabrik.de/africa/botswana-updates
bourgogne,france,Bourgogne,https://download.geofabrik.de/europe/france/bourgogne-updates
brandenburg,germany,Brandenburg (mit Berlin),https://download.geofabrik.de/europe/germany/brandenburg-updates
brazil,south-america,Brazil,https://download.geofabrik.de/south-america/brazil-updates
bremen,germany,Bremen,https://download.geofabrik.de/europe/germany/bremen-updates
bretagne,france,Bretagne,https://download.geofabrik.de/europe/france/bretagne-updates
bristol,england,Bristol,https://download.geofabrik.de/europe/great-britain/england/bristol-updates
britain-and-ireland,europe,Britain and Ireland,https://download.geofabrik.de/europe/britain-and-ireland-updates
british-columbia,canada,British Columbia,https://download.geofabrik.de/north-america/canada/british-columbia-updates
buckinghamshire,england,Buckinghamshire,https://download.geofabrik.de/europe/great-britain/england/buckinghamshire-updates
bulgaria,europe,Bulgaria,https://download.geofabrik.de/europe/bulgaria-updates
burkina-faso,africa,Burkina Faso,https://download.geofabrik.de/africa/burkina-faso-updates
burundi,africa,Burundi,https://download.geofabrik.de/africa/burundi-updates
cambodia,asia,Cambodia,https://download.geofabrik.de/asia/cambodia-updates
cambridgeshire,england,Cambridgeshire,https://download.geofabrik.de/europe/great-britain/england/cambridgeshire-updates
cameroon,africa,Cameroon,https://download.geofabrik.de/africa/cameroon-updates
canada,north-america,Canada,https://download.geofabrik.de/north-america/canada-updates
canary-islands,africa,Canary Islands,https://download.geofabrik.de/africa/canary-islands-updates
cantabria,spain,Cantabria,https://download.geofabrik.de/europe/spain/cantabria-updates
cape-verde,africa,Cape Verde,https://download.geofabrik.de/africa/cape-verde-updates
castilla-la-mancha,spain,Castilla-La Mancha,https://download.geofabrik.de/europe/spain/castilla-la-mancha-updates
castilla-y-leon,spain,Castilla y León,https://download.geofabrik.de/europe/spain/castilla-y-leon-updates
cataluna,spain,Cataluña,https://download.geofabrik.de/europe/spain/cataluna-updates
central-african-republic,africa,Central African Republic,https://download.geofabrik.de/africa/central-african-republic-updates
central-america,,Central America,https://download.geofabrik.de/central-america-updates
central-fed-district,russia,Central Federal District,https://download.geofabrik.de/russia/central-fed-district-updates
central-zone,india,Central Zone,https://download.geofabrik.de/asia/india/central-zone-updates
centre,france,Centre,https://download.geofabrik.de/europe/france/centre-updates
centro,italy,Centro,https://download.geofabrik.de/europe/italy/centro-updates
centro-oeste,brazil,centro-oeste,https://download.geofabrik.de/south-america/brazil/centro-oeste-updates
ceuta,spain,Ceuta,https://download.geofabrik.de/europe/spain/ceuta-updates
chad,africa,Chad,https://download.geofabrik.de/africa/chad-updates
champagne-ardenne,france,Champagne Ardenne,https://download.geofabrik.de/europe/france/champagne-ardenne-updates
cheshire,england,Cheshire,https://download.geofabrik.de/europe/great-britain/england/cheshire-updates
chile,south-america,Chile,https://download.geofabrik.de/south-america/chile-updates
china,asia,China,https://download.geofabrik.de/asia/china-updates
chubu,japan,Chūbu region,https://download.geofabrik.de/asia/japan/chubu-updates
chugoku,japan,Chūgoku region,https://download.geofabrik.de/asia/japan/chugoku-updates
colombia,south-america,Colombia,https://download.geofabrik.de/south-america/colombia-updates
comores,africa,Comores,https://download.geofabrik.de/africa/comores-updates
congo-brazzaville,africa,Congo (Republic/Brazzaville),https://download.geofabrik.de/africa/congo-brazzaville-updates
congo-democratic-republic,africa,Congo (Democratic Republic/Kinshasa),https://download.geofabrik.de/africa/congo-democratic-republic-updates
cook-islands,australia-oceania,Cook Islands,https://download.geofabrik.de/australia-oceania/cook-islands-updates
cornwall,england,Cornwall,https://download.geofabrik.de/europe/great-britain/england/cornwall-updates
corse,france,Corse,https://download.geofabrik.de/europe/france/corse-updates
costa-rica,central-america,Costa Rica,https://download.geofabrik.de/central-america/costa-rica-updates
crimean-fed-district,russia,Crimean Federal District,https://download.geofabrik.de/russia/crimean-fed-district-updates
croatia,europe,Croatia,https://download.geofabrik.de/europe/croatia-updates
cuba,central-america,Cuba,https://download.geofabrik.de/central-america/cuba-updates
cumbria,england,Cumbria,https://download.geofabrik.de/europe/great-britain/england/cumbria-updates
cyprus,europe,Cyprus,https://download.geofabrik.de/europe/cyprus-updates
czech-republic,europe,Czech Republic,https://download.geofabrik.de/europe/czech-republic-updates
dach,europe,"Germany, Austria, Switzerland",https://download.geofabrik.de/europe/dach-updates
denmark,europe,Denmark,https://download.geofabrik.de/europe/denmark-updates
derbyshire,england,Derbyshire,https://download.geofabrik.de/europe/great-britain/england/derbyshire-updates
detmold-regbez,nordrhein-westfalen,Regierungsbezirk Detmold,https://download.geofabrik.de/europe/germany/nordrhein-westfalen/detmold-regbez-updates
devon,england,Devon,https://download.geofabrik.de/europe/great-britain/england/devon-updates
djibouti,africa,Djibouti,https://download.geofabrik.de/africa/djibouti-updates
dolnoslaskie,poland,Województwo dolnośląskie<br />(Lower Silesian Voivodeship),https://download.geofabrik.de/europe/poland/dolnoslaskie-updates
dorset,england,Dorset,https://download.geofabrik.de/europe/great-britain/england/dorset-updates
drenthe,netherlands,Drenthe,https://download.geofabrik.de/europe/netherlands/drenthe-updates
duesseldorf-regbez,nordrhein-westfalen,Regierungsbezirk Düsseldorf,https://download.geofabrik.de/europe/germany/nordrhein-westfalen/duesseldorf-regbez-updates
durham,england,Durham,https://download.geofabrik.de/europe/great-britain/england/durham-updates
east-sussex,england,East Sussex,https://download.geofabrik.de/europe/great-britain/england/east-sussex-updates
east-timor,asia,East Timor,https://download.geofabrik.de/asia/east-timor-updates
east-yorkshire-with-hull,england,East Yorkshire with Hull,https://download.geofabrik.de/europe/great-britain/england/east-yorkshire-with-hull-updates
eastern-zone,india,Eastern Zone,https://download.geofabrik.de/asia/india/eastern-zone-updates
ecuador,south-america,Ecuador,https://download.geofabrik.de/south-america/ecuador-updates
egypt,africa,Egypt,https://download.geofabrik.de/africa/egypt-updates
el-salvador,central-america,El Salvador,https://download.geofabrik.de/central-america/el-salvador-updates
enfield,greater-london,Enfield,https://download.geofabrik.de/europe/great-britain/england/london/enfield-updates
england,great-britain,England,https://download.geofabrik.de/europe/great-britain/england-updates
equatorial-guinea,africa,Equatorial Guinea,https://download.geofabrik.de/africa/equatorial-guinea-updates
eritrea,africa,Eritrea,https://download.geofabrik.de/africa/eritrea-updates
essex,england,Essex,https://download.geofabrik.de/europe/great-britain/england/essex-updates
estonia,europe,Estonia,https://download.geofabrik.de/europe/estonia-updates
ethiopia,africa,Ethiopia,https://download.geofabrik.de/africa/ethiopia-updates
europe,,Europe,https://download.geofabrik.de/europe-updates
extremadura,spain,Extremadura,https://download.geofabrik.de/europe/spain/extremadura-updates
far-eastern-fed-district,russia,Far Eastern Federal District,https://download.geofabrik.de/russia/far-eastern-fed-district-updates
faroe-islands,europe,Faroe Islands,https://download.geofabrik.de/europe/faroe-islands-updates
fiji,australia-oceania,Fiji,https://download.geofabrik.de/australia-oceania/fiji-updates
finland,europe,Finland,https://download.geofabrik.de/europe/finland-updates
flevoland,netherlands,Flevoland,https://download.geofabrik.de/europe/netherlands/flevoland-updates
france,europe,France,https://download.geofabrik.de/europe/france-updates
franche-comte,france,Franche Comte,https://download.geofabrik.de/europe/france/franche-comte-updates
freiburg-regbez,baden-wuerttemberg,Regierungsbezirk Freiburg,https://download.geofabrik.de/europe/germany/baden-wuerttemberg/freiburg-regbez-updates
friesland,netherlands,Friesland,https://download.geofabrik.de/europe/netherlands/friesland-updates
gabon,africa,Gabon,https://download.geofabrik.de/africa/gabon-updates
galicia,spain,Galicia,https://download.geofabrik.de/europe/spain/galicia-updates
gcc-states,asia,GCC States,https://download.geofabrik.de/asia/gcc-states-updates
gelderland,netherlands,Gelderland,https://download.geofabrik.de/europe/netherlands/gelderland-updates
georgia,europe,Georgia,https://download.geofabrik.de/europe/georgia-updates
germany,europe,Germany,https://download.geofabrik.de/europe/germany-updates
ghana,africa,Ghana,https://download.geofabrik.de/africa/ghana-updates
gloucestershire,england,Gloucestershire,https://download.geofabrik.de/europe/great-britain/england/gloucestershire-updates
great-britain,europe,Great Britain,https://download.geofabrik.de/europe/great-britain-updates
greater-london,england,Greater London,https://download.geofabrik.de/europe/great-britain/england/greater-london-updates
greater-manchester,england,Greater Manchester,https://download.geofabrik.de/europe/great-britain/england/greater-manchester-updates
greece,europe,Greece,https://download.geofabrik.de/europe/greece-updates
greenland,north-america,Greenland,https://download.geofabrik.de/north-america/greenland-updates
groningen,netherlands,Groningen,https://download.geofabrik.de/europe/netherlands/groningen-updates
guadeloupe,france,Guadeloupe,https://download.geofabrik.de/europe/france/guadeloupe-updates
guatemala,central-america,Guatemala,https://download.geofabrik.de/central-america/guatemala-updates
guernsey-jersey,europe,guernsey-jersey,https://download.geofabrik.de/europe/guernsey-jersey-updates
guinea,africa,Guinea,https://download.geofabrik.de/africa/guinea-updates
guinea-bissau,africa,Guinea-Bissau,https://download.geofabrik.de/africa/guinea-bissau-updates
guyana,south-america,guyana,https://download.geofabrik.de/south-america/guyana-updates
guyane,france,Guyane,https://download.geofabrik.de/europe/france/guyane-updates
haiti-and-domrep,central-america,Haiti and Dominican Republic,https://download.geofabrik.de/central-america/haiti-and-domrep-updates
hamburg,germany,Hamburg,https://download.geofabrik.de/europe/germany/hamburg-updates
hampshire,england,Hampshire,https://download.geofabrik.de/europe/great-britain/england/hampshire-updates
haute-normandie,france,Haute-Normandie,https://download.geofabrik.de/europe/france/haute-normandie-updates
herefordshire,england,Herefordshire,https://download.geofabrik.de/europe/great-britain/england/herefordshire-updates
hertfordshire,england,Hertfordshire,https://download.geofabrik.de/europe/great-britain/england/hertfordshire-updates
hessen,germany,Hessen,https://download.geofabrik.de/europe/germany/hessen-updates
hokkaido,japan,Hokkaidō,https://download.geofabrik.de/asia/japan/hokkaido-updates
honduras,central-america,Honduras,https://download.geofabrik.de/central-america/honduras-updates
hungary,europe,Hungary,https://download.geofabrik.de/europe/hungary-updates
iceland,europe,Iceland,https://download.geofabrik.de/europe/iceland-updates
ile-de-clipperton,australia-oceania,Île de Clipperton,https://download.geofabrik.de/australia-oceania/ile-de-clipperton-updates
ile-de-france,france,Ile-de-France,https://download.geofabrik.de/europe/france/ile-de-france-updates
india,asia,India,https://download.geofabrik.de/asia/india-updates
indonesia,asia,Indonesia (with East Timor),https://download.geofabrik.de/asia/indonesia-updates
iran,asia,Iran,https://download.geofabrik.de/asia/iran-updates
iraq,asia,Iraq,https://download.geofabrik.de/asia/iraq-updates
ireland-and-northern-ireland,europe,Ireland and Northern Ireland,https://download.geofabrik.de/europe/ireland-and-northern-ireland-updates
islas-baleares,spain,Islas Baleares,https://download.geofabrik.de/europe/spain/islas-baleares-updates
isle-of-man,europe,Isle of Man,https://download.geofabrik.de/europe/isle-of-man-updates
isle-of-wight,england,Isle of Wight,https://download.geofabrik.de/europe/great-britain/england/isle-of-wight-updates
isole,italy,Isole,https://download.geofabrik.de/europe/italy/isole-updates
israel-and-palestine,asia,Israel and Palestine,https://download.geofabrik.de/asia/israel-and-palestine-updates
italy,europe,Italy,https://download.geofabrik.de/europe/italy-updates
ivory-coast,africa,Ivory Coast,https://download.geofabrik.de/africa/ivory-coast-updates
jamaica,central-america,Jamaica,https://download.geofabrik.de/central-america/jamaica-updates
japan,asia,Japan,https://download.geofabrik.de/asia/japan-updates
java,indonesia,Java,https://download.geofabrik.de/asia/indonesia/java-updates
jordan,asia,Jordan,https://download.geofabrik.de/asia/jordan-updates
kalimantan,indonesia,Kalimantan,https://download.geofabrik.de/asia/indonesia/kalimantan-updates
kaliningrad,russia,Kaliningrad,https://download.geofabrik.de/russia/kaliningrad-updates
kansai,japan,Kansai region (a.k.a. Kinki region),https://download.geofabrik.de/asia/japan/kansai-updates
kanto,japan,Kantō region,https://download.geofabrik.de/asia/japan/kanto-updates
karlsruhe-regbez,baden-wuerttemberg,Regierungsbezirk Karlsruhe,https://download.geofabrik.de/europe/germany/baden-wuerttemberg/karlsruhe-regbez-updates
kazakhstan,asia,Kazakhstan,https://download.geofabrik.de/asia/kazakhstan-updates
kent,england,Kent,https://download.geofabrik.de/europe/great-britain/england/kent-updates
kenya,africa,Kenya,https://download.geofabrik.de/africa/kenya-updates
kiribati,australia-oceania,Kiribati,https://download.geofabrik.de/australia-oceania/kiribati-updates
koeln-regbez,nordrhein-westfalen,Regierungsbezirk Köln,https://download.geofabrik.de/europe/germany/nordrhein-westfalen/koeln-regbez-updates
kosovo,europe,Kosovo,https://download.geofabrik.de/europe/kosovo-updates
kujawsko-pomorskie,poland,Województwo kujawsko-pomorskie<br />(Kuyavian-Pomeranian Voivodeship),https://download.geofabrik.de/europe/poland/kujawsko-pomorskie-updates
kyrgyzstan,asia,Kyrgyzstan,https://download.geofabrik.de/asia/kyrgyzstan-updates
kyushu,japan,Kyūshū,https://download.geofabrik.de/asia/japan/kyushu-updates
la-rioja,spain,La Rioja,https://download.geofabrik.de/europe/spain/la-rioja-updates
lancashire,england,Lancashire,https://download.geofabrik.de/europe/great-britain/england/lancashire-updates
languedoc-roussillon,france,Languedoc-Roussillon,https://download.geofabrik.de/europe/france/languedoc-roussillon-updates
laos,asia,Laos,https://download.geofabrik.de/asia/laos-updates
latvia,europe,Latvia,https://download.geofabrik.de/europe/latvia-updates
lebanon,asia,Lebanon,https://download.geofabrik.de/asia/lebanon-updates
leicestershire,england,Leicestershire,https://download.geofabrik.de/europe/great-britain/england/leicestershire-updates
lesotho,africa,Lesotho,https://download.geofabrik.de/africa/lesotho-updates
liberia,africa,Liberia,https://download.geofabrik.de/africa/liberia-updates
libya,africa,Libya,https://download.geofabrik.de/africa/libya-updates
liechtenstein,europe,Liechtenstein,https://download.geofabrik.de/europe/liechtenstein-updates
limburg,netherlands,Limburg,https://download.geofabrik.de/europe/netherlands/limburg-updates
limousin,france,Limousin,https://download.geofabrik.de/europe/france/limousin-updates
lincolnshire,england,Lincolnshire,https://download.geofabrik.de/europe/great-britain/england/lincolnshire-updates
lithuania,europe,Lithuania,https://download.geofabrik.de/europe/lithuania-updates
lodzkie,poland,Województwo łódzkie<br />(Łódź Voivodeship),https://download.geofabrik.de/europe/poland/lodzkie-updates
lorraine,france,Lorraine,https://download.geofabrik.de/europe/france/lorraine-updates
lubelskie,poland,Województwo lubelskie<br />(Lublin Voivodeship),https://download.geofabrik.de/europe/poland/lubelskie-updates
lubuskie,poland,Województwo lubuskie<br />(Lubusz Voivodeship),https://download.geofabrik.de/europe/poland/lubuskie-updates
luxembourg,europe,Luxembourg,https://download.geofabrik.de/europe/luxembourg-updates
macedonia,europe,Macedonia,https://download.geofabrik.de/europe/macedonia-updates
madagascar,africa,Madagascar,https://download.geofabrik.de/africa/madagascar-updates
madrid,spain,Madrid,https://download.geofabrik.de/europe/spain/madrid-updates
malawi,africa,Malawi,https://download.geofabrik.de/africa/malawi-updates
malaysia-singapore-brunei,asia,"Malaysia, Singapore, and Brunei",https://download.geofabrik.de/asia/malaysia-singapore-brunei-updates
maldives,asia,Maldives,https://download.geofabrik.de/asia/maldives-updates
mali,africa,Mali,https://download.geofabrik.de/africa/mali-updates
malopolskie,poland,Województwo małopolskie<br />(Lesser Poland Voivodeship),https://download.geofabrik.de/europe/poland/malopolskie-updates
malta,europe,Malta,https://download.geofabrik.de/europe/malta-updates
maluku,indonesia,Maluku,https://download.geofabrik.de/asia/indonesia/maluku-updates
manitoba,canada,Manitoba,https://download.geofabrik.de/north-america/canada/manitoba-updates
marshall-islands,australia-oceania,Marshall Islands,https://download.geofabrik.de/australia-oceania/marshall-islands-updates
martinique,france,Martinique,https://download.geofabrik.de/europe/france/martinique-updates
mauritania,africa,Mauritania,https://download.geofabrik.de/africa/mauritania-updates
mauritius,africa,Mauritius,https://download.geofabrik.de/africa/mauritius-updates
mayotte,france,Mayotte,https://download.geofabrik.de/europe/france/mayotte-updates
mazowieckie,poland,Województwo mazowieckie<br />(Mazovian Voivodeship),https://download.geofabrik.de/europe/poland/mazowieckie-updates
mecklenburg-vorpommern,germany,Mecklenburg-Vorpommern,https://download.geofabrik.de/europe/germany/mecklenburg-vorpommern-updates
melilla,spain,Melilla,https://download.geofabrik.de/europe/spain/melilla-updates
merseyside,england,Merseyside,https://download.geofabrik.de/europe/great-britain/england/merseyside-updates
mexico,north-america,Mexico,https://download.geofabrik.de/north-america/mexico-updates
micronesia,australia-oceania,Micronesia,https://download.geofabrik.de/australia-oceania/micronesia-updates
midi-pyrenees,france,Midi-Pyrenees,https://download.geofabrik.de/europe/france/midi-pyrenees-updates
mittelfranken,bayern,Mittelfranken,https://download.geofabrik.de/europe/germany/bayern/mittelfranken-updates
moldova,europe,Moldova,https://download.geofabrik.de/europe/moldova-updates
monaco,europe,Monaco,https://download.geofabrik.de/europe/monaco-updates
mongolia,asia,Mongolia,https://download.geofabrik.de/asia/mongolia-updates
montenegro,europe,Montenegro,https://download.geofabrik.de/europe/montenegro-updates
morocco,africa,Morocco,https://download.geofabrik.de/africa/morocco-updates
mozambique,africa,Mozambique,https://download.geofabrik.de/africa/mozambique-updates
muenster-regbez,nordrhein-westfalen,Regierungsbezirk Münster,https://download.geofabrik.de/europe/germany/nordrhein-westfalen/muenster-regbez-updates
murcia,spain,Murcia,https://download.geofabrik.de/europe/spain/murcia-updates
myanmar,asia,Myanmar (a.k.a. Burma),https://download.geofabrik.de/asia/myanmar-updates
namibia,africa,Namibia,https://download.geofabrik.de/africa/namibia-updates
nauru,australia-oceania,Nauru,https://download.geofabrik.de/australia-oceania/nauru-updates
navarra,spain,Navarra,https://download.geofabrik.de/europe/spain/navarra-updates
nepal,asia,Nepal,https://download.geofabrik.de/asia/nepal-updates
netherlands,europe,Netherlands,https://download.geofabrik.de/europe/netherlands-updates
new-brunswick,canada,New Brunswick,https://download.geofabrik.de/north-america/canada/new-brunswick-updates
new-caledonia,australia-oceania,New Caledonia,https://download.geofabrik.de/australia-oceania/new-caledonia-updates
new-zealand,australia-oceania,New Zealand,https://download.geofabrik.de/australia-oceania/new-zealand-updates
newfoundland-and-labrador,canada,Newfoundland and Labrador,https://download.geofabrik.de/north-america/canada/newfoundland-and-labrador-updates
nicaragua,central-america,Nicaragua,https://download.geofabrik.de/central-america/nicaragua-updates
niederbayern,bayern,Niederbayern,https://download.geofabrik.de/europe/germany/bayern/niederbayern-updates
niedersachsen,germany,Niedersachsen,https://download.geofabrik.de/europe/germany/niedersachsen-updates
niger,africa,Niger,https://download.geofabrik.de/africa/niger-updates
nigeria,africa,Nigeria,https://download.geofabrik.de/africa/nigeria-updates
niue,australia-oceania,Niue,https://download.geofabrik.de/australia-oceania/niue-updates
noord-brabant,netherlands,Noord-Brabant,https://download.geofabrik.de/europe/netherlands/noord-brabant-updates
noord-holland,netherlands,Noord-Holland,https://download.geofabrik.de/europe/netherlands/noord-holland-updates
norcal,us/california,Northern California,https://download.geofabrik.de/north-america/us/california/norcal-updates
nord-est,italy,Nord-Est,https://download.geofabrik.de/europe/italy/nord-est-updates
nord-ovest,italy,Nord-Ovest,https://download.geofabrik.de/europe/italy/nord-ovest-updates
nord-pas-de-calais,france,Nord-Pas-de-Calais,https://download.geofabrik.de/europe/france/nord-pas-de-calais-updates
nordeste,brazil,nordeste,https://download.geofabrik.de/south-america/brazil/nordeste-updates
nordrhein-westfalen,germany,Nordrhein-Westfalen,https://download.geofabrik.de/europe/germany/nordrhein-westfalen-updates
norfolk,england,Norfolk,https://download.geofabrik.de/europe/great-britain/england/norfolk-updates
norte,brazil,norte,https://download.geofabrik.de/south-america/brazil/norte-updates
north-america,,North America,https://download.geofabrik.de/north-america-updates
north-caucasus-fed-district,russia,North Caucasus Federal District,https://download.geofabrik.de/russia/north-caucasus-fed-district-updates
north-eastern-zone,india,North-Eastern Zone,https://download.geofabrik.de/asia/india/north-eastern-zone-updates
north-korea,asia,North Korea,https://download.geofabrik.de/asia/north-korea-updates
north-yorkshire,england,North Yorkshire,https://download.geofabrik.de/europe/great-britain/england/north-yorkshire-updates
northamptonshire,england,Northamptonshire,https://download.geofabrik.de/europe/great-britain/england/northamptonshire-updates
northern-zone,india,Northern Zone,https://download.geofabrik.de/asia/india/northern-zone-updates
northumberland,england,Northumberland,https://download.geofabrik.de/europe/great-britain/england/northumberland-updates
northwest-territories,canada,Northwest Territories,https://download.geofabrik.de/north-america/canada/northwest-territories-updates
northwestern-fed-district,russia,Northwestern Federal District,https://download.geofabrik.de/russia/northwestern-fed-district-updates
norway,europe,Norway,https://download.geofabrik.de/europe/norway-updates
nottinghamshire,england,Nottinghamshire,https://download.geofabrik.de/europe/great-britain/england/nottinghamshire-updates
nova-scotia,canada,Nova Scotia,https://download.geofabrik.de/north-america/canada/nova-scotia-updates
nunavut,canada,Nunavut,https://download.geofabrik.de/north-america/canada/nunavut-updates
nusa-tenggara,indonesia,Nusa-Tenggara,https://download.geofabrik.de/asia/indonesia/nusa-tenggara-updates
oberbayern,bayern,Oberbayern,https://download.geofabrik.de/europe/germany/bayern/oberbayern-updates
oberfranken,bayern,Oberfranken,https://download.geofabrik.de/europe/germany/bayern/oberfranken-updates
oberpfalz,bayern,Oberpfalz,https://download.geofabrik.de/europe/germany/bayern/oberpfalz-updates
ontario,canada,Ontario,https://download.geofabrik.de/north-america/canada/ontario-updates
opolskie,poland,Województwo opolskie<br />(Opole Voivodeship),https://download.geofabrik.de/europe/poland/opolskie-updates
overijssel,netherlands,Overijssel,https://download.geofabrik.de/europe/netherlands/overijssel-updates
oxfordshire,england,Oxfordshire,https://download.geofabrik.de/europe/great-britain/england/oxfordshire-updates
pais-vasco,spain,País Vasco,https://download.geofabrik.de/europe/spain/pais-vasco-updates
pakistan,asia,Pakistan,https://download.geofabrik.de/asia/pakistan-updates
palau,australia-oceania,Palau,https://download.geofabrik.de/australia-oceania/palau-updates
panama,central-america,Panama,https://download.geofabrik.de/central-america/panama-updates
papua,indonesia,Papua,https://download.geofabrik.de/asia/indonesia/papua-updates
papua-new-guinea,australia-oceania,Papua New Guinea,https://download.geofabrik.de/australia-oceania/papua-new-guinea-updates
paraguay,south-america,Paraguay,https://download.geofabrik.de/south-america/paraguay-updates
pays-de-la-loire,france,Pays de la Loire,https://download.geofabrik.de/europe/france/pays-de-la-loire-updates
peru,south-america,Peru,https://download.geofabrik.de/south-america/peru-updates
philippines,asia,Philippines,https://download.geofabrik.de/asia/philippines-updates
picardie,france,Picardie,https://download.geofabrik.de/europe/france/picardie-updates
pitcairn-islands,australia-oceania,Pitcairn Islands,https://download.geofabrik.de/australia-oceania/pitcairn-islands-updates
podkarpackie,poland,Województwo podkarpackie<br />(Subcarpathian Voivodeship),https://download.geofabrik.de/europe/poland/podkarpackie-updates
podlaskie,poland,Województwo podlaskie<br />(Podlaskie Voivodeship),https://download.geofabrik.de/europe/poland/podlaskie-updates
poitou-charentes,france,Poitou-Charentes,https://download.geofabrik.de/europe/france/poitou-charentes-updates
poland,europe,Poland,https://download.geofabrik.de/europe/poland-updates
polynesie-francaise,australia-oceania,polynesie-francaise,https://download.geofabrik.de/australia-oceania/polynesie-francaise-updates
pomorskie,poland,Województwo pomorskie<br />(Pomeranian Voivodeship),https://download.geofabrik.de/europe/poland/pomorskie-updates
portugal,europe,Portugal,https://download.geofabrik.de/europe/portugal-updates
prince-edward-island,canada,Prince Edward Island,https://download.geofabrik.de/north-america/canada/prince-edward-island-updates
provence-alpes-cote-d-azur,france,Provence Alpes-Cote-d'Azur,https://download.geofabrik.de/europe/france/provence-alpes-cote-d-azur-updates
quebec,canada,Quebec,https://download.geofabrik.de/north-america/canada/quebec-updates
reunion,france,Reunion,https://download.geofabrik.de/europe/france/reunion-updates
rheinland-pfalz,germany,Rheinland-Pfalz,https://download.geofabrik.de/europe/germany/rheinland-pfalz-updates
rhone-alpes,france,Rhone-Alpes,https://download.geofabrik.de/europe/france/rhone-alpes-updates
romania,europe,Romania,https://download.geofabrik.de/europe/romania-updates
russia,,Russian Federation,https://download.geofabrik.de/russia-updates
rutland,england,Rutland,https://download.geofabrik.de/europe/great-britain/england/rutland-updates
rwanda,africa,Rwanda,https://download.geofabrik.de/africa/rwanda-updates
saarland,germany,Saarland,https://download.geofabrik.de/europe/germany/saarland-updates
sachsen,germany,Sachsen,https://download.geofabrik.de/europe/germany/sachsen-updates
sachsen-anhalt,germany,Sachsen-Anhalt,https://download.geofabrik.de/europe/germany/sachsen-anhalt-updates
saint-helena-ascension-and-tristan-da-cunha,africa,"Saint Helena, Ascension, and Tristan da Cunha",https://download.geofabrik.de/africa/saint-helena-ascension-and-tristan-da-cunha-updates
samoa,australia-oceania,Samoa,https://download.geofabrik.de/australia-oceania/samoa-updates
sao-tome-and-principe,africa,Sao Tome and Principe,https://download.geofabrik.de/africa/sao-tome-and-principe-updates
saskatchewan,canada,Saskatchewan,https://download.geofabrik.de/north-america/canada/saskatchewan-updates
schleswig-holstein,germany,Schleswig-Holstein,https://download.geofabrik.de/europe/germany/schleswig-holstein-updates
schwaben,bayern,Schwaben,https://download.geofabrik.de/europe/germany/bayern/schwaben-updates
scotland,great-britain,Scotland,https://download.geofabrik.de/europe/great-britain/scotland-updates
senegal-and-gambia,africa,Senegal and Gambia,https://download.geofabrik.de/africa/senegal-and-gambia-updates
serbia,europe,Serbia,https://download.geofabrik.de/europe/serbia-updates
seychelles,africa,Seychelles,https://download.geofabrik.de/africa/seychelles-updates
shikoku,japan,Shikoku,https://download.geofabrik.de/asia/japan/shikoku-updates
shropshire,england,Shropshire,https://download.geofabrik.de/europe/great-britain/england/shropshire-updates
siberian-fed-district,russia,Siberian Federal District,https://download.geofabrik.de/russia/siberian-fed-district-updates
sierra-leone,africa,Sierra Leone,https://download.geofabrik.de/africa/sierra-leone-updates
slaskie,poland,Województwo śląskie<br />(Silesian Voivodeship),https://download.geofabrik.de/europe/poland/slaskie-updates
slovakia,europe,Slovakia,https://download.geofabrik.de/europe/slovakia-updates
slovenia,europe,Slovenia,https://download.geofabrik.de/europe/slovenia-updates
socal,us/california,Southern California,https://download.geofabrik.de/north-america/us/california/socal-updates
solomon-islands,australia-oceania,Solomon Islands,https://download.geofabrik.de/australia-oceania/solomon-islands-updates
somalia,africa,Somalia,https://download.geofabrik.de/africa/somalia-updates
somerset,england,Somerset,https://download.geofabrik.de/europe/great-britain/england/somerset-updates
south-africa,africa,South Africa,https://download.geofabrik.de/africa/south-africa-updates
south-africa-and-lesotho,africa,South Africa (includes Lesotho),https://download.geofabrik.de/africa/south-africa-and-lesotho-updates
south-america,,South America,https://download.geofabrik.de/south-america-updates
south-fed-district,russia,South Federal District,https://download.geofabrik.de/russia/south-fed-district-updates
south-korea,asia,South Korea,https://download.geofabrik.de/asia/south-korea-updates
south-sudan,africa,South Sudan,https://download.geofabrik.de/africa/south-sudan-updates
south-yorkshire,england,South Yorkshire,https://download.geofabrik.de/europe/great-britain/england/south-yorkshire-updates
southern-zone,india,Southern Zone,https://download.geofabrik.de/asia/india/southern-zone-updates
spain,europe,Spain,https://download.geofabrik.de/europe/spain-updates
sri-lanka,asia,Sri Lanka,https://download.geofabrik.de/asia/sri-lanka-updates
staffordshire,england,Staffordshire,https://download.geofabrik.de/europe/great-britain/england/staffordshire-updates
stuttgart-regbez,baden-wuerttemberg,Regierungsbezirk Stuttgart,https://download.geofabrik.de/europe/germany/baden-wuerttemberg/stuttgart-regbez-updates
sud,italy,Sud,https://download.geofabrik.de/europe/italy/sud-updates
sudan,africa,Sudan,https://download.geofabrik.de/africa/sudan-updates
sudeste,brazil,sudeste,https://download.geofabrik.de/south-america/brazil/sudeste-updates
suffolk,england,Suffolk,https://download.geofabrik.de/europe/great-britain/england/suffolk-updates
sul,brazil,sul,https://download.geofabrik.de/south-america/brazil/sul-updates
sulawesi,indonesia,Sulawesi,https://download.geofabrik.de/asia/indonesia/sulawesi-updates
sumatra,indonesia,Sumatra,https://download.geofabrik.de/asia/indonesia/sumatra-updates
suriname,south-america,Suriname,https://download.geofabrik.de/south-america/suriname-updates
surrey,england,Surrey,https://download.geofabrik.de/europe/great-britain/england/surrey-updates
swaziland,africa,Swaziland,https://download.geofabrik.de/africa/swaziland-updates
sweden,europe,Sweden,https://download.geofabrik.de/europe/sweden-updates
swietokrzyskie,poland,Województwo świętokrzyskie<br />(Świętokrzyskie Voivodeship),https://download.geofabrik.de/europe/poland/swietokrzyskie-updates
switzerland,europe,Switzerland,https://download.geofabrik.de/europe/switzerland-updates
syria,asia,Syria,https://download.geofabrik.de/asia/syria-updates
taiwan,asia,Taiwan,https://download.geofabrik.de/asia/taiwan-updates
tajikistan,asia,Tajikistan,https://download.geofabrik.de/asia/tajikistan-updates
tanzania,africa,Tanzania,https://download.geofabrik.de/africa/tanzania-updates
thailand,asia,Thailand,https://download.geofabrik.de/asia/thailand-updates
thueringen,germany,Thüringen,https://download.geofabrik.de/europe/germany/thueringen-updates
togo,africa,Togo,https://download.geofabrik.de/africa/togo-updates
tohoku,japan,Tōhoku region,https://download.geofabrik.de/asia/japan/tohoku-updates
tokelau,australia-oceania,Tokelau,https://download.geofabrik.de/australia-oceania/tokelau-updates
tonga,australia-oceania,Tonga,https://download.geofabrik.de/australia-oceania/tonga-updates
tuebingen-regbez,baden-wuerttemberg,Regierungsbezirk Tübingen,https://download.geofabrik.de/europe/germany/baden-wuerttemberg/tuebingen-regbez-updates
tunisia,africa,Tunisia,https://download.geofabrik.de/africa/tunisia-updates
turkey,europe,Turkey,https://download.geofabrik.de/europe/turkey-updates
turkmenistan,asia,Turkmenistan,https://download.geofabrik.de/asia/turkmenistan-updates
tuvalu,australia-oceania,Tuvalu,https://download.geofabrik.de/australia-oceania/tuvalu-updates
tyne-and-wear,england,Tyne and Wear,https://download.geofabrik.de/europe/great-britain/england/tyne-and-wear-updates
uganda,africa,Uganda,https://download.geofabrik.de/africa/uganda-updates
ukraine,europe,Ukraine (with Crimea),https://download.geofabrik.de/europe/ukraine-updates
unterfranken,bayern,Unterfranken,https://download.geofabrik.de/europe/germany/bayern/unterfranken-updates
ural-fed-district,russia,Ural Federal District,https://download.geofabrik.de/russia/ural-fed-district-updates
uruguay,south-america,Uruguay,https://download.geofabrik.de/south-america/uruguay-updates
us,north-america,United States of America,https://download.geofabrik.de/north-america/us-updates
us-midwest,north-america,US Midwest,https://download.geofabrik.de/north-america/us-midwest-updates
us-northeast,north-america,US Northeast,https://download.geofabrik.de/north-america/us-northeast-updates
us-pacific,north-america,US Pacific,https://download.geofabrik.de/north-america/us-pacific-updates
us-south,north-america,US South,https://download.geofabrik.de/north-america/us-south-updates
us-west,north-america,US West,https://download.geofabrik.de/north-america/us-west-updates
us/alabama,north-america,us/alabama,https://download.geofabrik.de/north-america/us/alabama-updates
us/alaska,north-america,us/alaska,https://download.geofabrik.de/north-america/us/alaska-updates
us/arizona,north-america,us/arizona,https://download.geofabrik.de/north-america/us/arizona-updates
us/arkansas,north-america,us/arkansas,https://download.geofabrik.de/north-america/us/arkansas-updates
us/california,north-america,us/california,https://download.geofabrik.de/north-america/us/california-updates
us/colorado,north-america,us/colorado,https://download.geofabrik.de/north-america/us/colorado-updates
us/connecticut,north-america,us/connecticut,https://download.geofabrik.de/north-america/us/connecticut-updates
us/delaware,north-america,us/delaware,https://download.geofabrik.de/north-america/us/delaware-updates
us/district-of-columbia,north-america,us/district-of-columbia,https://download.geofabrik.de/north-america/us/district-of-columbia-updates
us/florida,north-america,us/florida,https://download.geofabrik.de/north-america/us/florida-updates
us/georgia,north-america,Georgia,https://download.geofabrik.de/north-america/us/georgia-updates
us/hawaii,north-america,us/hawaii,https://download.geofabrik.de/north-america/us/hawaii-updates
us/idaho,north-america,us/idaho,https://download.geofabrik.de/north-america/us/idaho-updates
us/illinois,north-america,us/illinois,https://download.geofabrik.de/north-america/us/illinois-updates
us/indiana,north-america,us/indiana,https://download.geofabrik.de/north-america/us/indiana-updates
us/iowa,north-america,us/iowa,https://download.geofabrik.de/north-america/us/iowa-updates
us/kansas,north-america,us/kansas,https://download.geofabrik.de/north-america/us/kansas-updates
us/kentucky,north-america,us/kentucky,https://download.geofabrik.de/north-america/us/kentucky-updates
us/louisiana,north-america,us/louisiana,https://download.geofabrik.de/north-america/us/louisiana-updates
us/maine,north-america,us/maine,https://download.geofabrik.de/north-america/us/maine-updates
us/maryland,north-america,us/maryland,https://download.geofabrik.de/north-america/us/maryland-updates
us/massachusetts,north-america,us/massachusetts,https://download.geofabrik.de/north-america/us/massachusetts-updates
us/michigan,north-america,us/michigan,https://download.geofabrik.de/north-america/us/michigan-updates
us/minnesota,north-america,us/minnesota,https://download.geofabrik.de/north-america/us/minnesota-updates
us/mississippi,north-america,us/mississippi,https://download.geofabrik.de/north-america/us/mississippi-updates
us/missouri,north-america,us/missouri,https://download.geofabrik.de/north-america/us/missouri-updates
us/montana,north-america,us/montana,https://download.geofabrik.de/north-america/us/montana-updates
us/nebraska,north-america,us/nebraska,https://download.geofabrik.de/north-america/us/nebraska-updates
us/nevada,north-america,us/nevada,https://download.geofabrik.de/north-america/us/nevada-updates
us/new-hampshire,north-america,us/new-hampshire,https://download.geofabrik.de/north-america/us/new-hampshire-updates
us/new-jersey,north-america,us/new-jersey,https://download.geofabrik.de/north-america/us/new-jersey-updates
us/new-mexico,north-america,us/new-mexico,https://download.geofabrik.de/north-america/us/new-mexico-updates
us/new-york,north-america,us/new-york,https://download.geofabrik.de/north-america/us/new-york-updates
us/north-carolina,north-america,us/north-carolina,https://download.geofabrik.de/north-america/us/north-carolina-updates
us/north-dakota,north-america,us/north-dakota,https://download.geofabrik.de/north-america/us/north-dakota-updates
us/ohio,north-america,us/ohio,https://download.geofabrik.de/north-america/us/ohio-updates
us/oklahoma,north-america,us/oklahoma,https://download.geofabrik.de/north-america/us/oklahoma-updates
us/oregon,north-america,us/oregon,https://download.geofabrik.de/north-america/us/oregon-updates
us/pennsylvania,north-america,us/pennsylvania,https://download.geofabrik.de/north-america/us/pennsylvania-updates
us/puerto-rico,north-america,us/puerto-rico,https://download.geofabrik.de/north-america/us/puerto-rico-updates
us/rhode-island,north-america,us/rhode-island,https://download.geofabrik.de/north-america/us/rhode-island-updates
us/south-carolina,north-america,us/south-carolina,https://download.geofabrik.de/north-america/us/south-carolina-updates
us/south-dakota,north-america,us/south-dakota,https://download.geofabrik.de/north-america/us/south-dakota-updates
us/tennessee,north-america,us/tennessee,https://download.geofabrik.de/north-america/us/tennessee-updates
us/texas,north-america,us/texas,https://download.geofabrik.de/north-america/us/texas-updates
us/us-virgin-islands,north-america,us/us-virgin-islands,https://download.geofabrik.de/north-america/us/us-virgin-islands-updates
us/utah,north-america,us/utah,https://download.geofabrik.de/north-america/us/utah-updates
us/vermont,north-america,us/vermont,https://download.geofabrik.de/north-america/us/vermont-updates
us/virginia,north-america,us/virginia,https://download.geofabrik.de/north-america/us/virginia-updates
us/washington,north-america,us/washington,https://download.geofabrik.de/north-america/us/washington-updates
us/west-virginia,north-america,us/west-virginia,https://download.geofabrik.de/north-america/us/west-virginia-updates
us/wisconsin,north-america,us/wisconsin,https://download.geofabrik.de/north-america/us/wisconsin-updates
us/wyoming,north-america,us/wyoming,https://download.geofabrik.de/north-america/us/wyoming-updates
utrecht,netherlands,Utrecht,https://download.geofabrik.de/europe/netherlands/utrecht-updates
uzbekistan,asia,Uzbekistan,https://download.geofabrik.de/asia/uzbekistan-updates
valencia,spain,Valencia,https://download.geofabrik.de/europe/spain/valencia-updates
vanuatu,australia-oceania,Vanuatu,https://download.geofabrik.de/australia-oceania/vanuatu-updates
venezuela,south-america,Venezuela,https://download.geofabrik.de/south-america/venezuela-updates
vietnam,asia,Vietnam,https://download.geofabrik.de/asia/vietnam-updates
volga-fed-district,russia,Volga Federal District,https://download.geofabrik.de/russia/volga-fed-district-updates
wales,great-britain,Wales,https://download.geofabrik.de/europe/great-britain/wales-updates
wallis-et-futuna,australia-oceania,Wallis et Futuna,https://download.geofabrik.de/australia-oceania/wallis-et-futuna-updates
warminsko-mazurskie,poland,Województwo warmińsko-mazurskie<br />(Warmian-Masurian Voivodeship),https://download.geofabrik.de/europe/poland/warminsko-mazurskie-updates
warwickshire,england,Warwickshire,https://download.geofabrik.de/europe/great-britain/england/warwickshire-updates
west-midlands,england,West Midlands,https://download.geofabrik.de/europe/great-britain/england/west-midlands-updates
west-sussex,england,West Sussex,https://download.geofabrik.de/europe/great-britain/england/west-sussex-updates
west-yorkshire,england,West Yorkshire,https://download.geofabrik.de/europe/great-britain/england/west-yorkshire-updates
western-zone,india,Western Zone,https://download.geofabrik.de/asia/india/western-zone-updates
wielkopolskie,poland,Województwo wielkopolskie<br />(Greater Poland Voivodeship),https://download.geofabrik.de/europe/poland/wielkopolskie-updates
wiltshire,england,Wiltshire,https://download.geofabrik.de/europe/great-britain/england/wiltshire-updates
worcestershire,england,Worcestershire,https://download.geofabrik.de/europe/great-britain/england/worcestershire-updates
yemen,asia,Yemen,https://download.geofabrik.de/asia/yemen-updates
yukon,canada,Yukon,https://download.geofabrik.de/north-america/canada/yukon-updates
zachodniopomorskie,poland,Województwo zachodniopomorskie<br />(West Pomeranian Voivodeship),https://download.geofabrik.de/europe/poland/zachodniopomorskie-updates
zambia,africa,Zambia,https://download.geofabrik.de/africa/zambia-updates
zeeland,netherlands,Zeeland,https://download.geofabrik.de/europe/netherlands/zeeland-updates
zimbabwe,africa,Zimbabwe,https://download.geofabrik.de/africa/zimbabwe-updates
zuid-holland,netherlands,Zuid-Holland,https://download.geofabrik.de/europe/netherlands/zuid-holland-updates
